sep=,
FREQ_4,y001,x001,y002,x002,y003,x003,y004,x004,y005,x005,y006,x006,y007,x007,y008,x008,y009,x009,y010,x010,y011,x011,y012,x012,y013,x013,y014,x014,y015,x015,y016,x016,y017,x017,y018,x018,y019,x019,y020,x020,y021,x021,y022,x022,y023,x023,y024,x024,y025,x025,y026,x026,y027,x027,y028,x028,y029,x029,y030,x030,y031,x031,y032,x032,y033,x033,y034,x034,y035,x035,y036,x036,y037,x037,y038,x038,y039,x039,y040,x040,y041,x041,y042,x042,y043,x043,y044,x044,y045,x045,y046,x046,y047,x047,y048,x048,y049,x049,y050,x050,y051,x051,y052,x052,y053,x053,y054,x054,y055,x055,y056,x056,y057,x057,y058,x058,y059,x059,y060,x060,aggregate
1970/03/31,1.8100000000,1.0061992801,1.8200000000,1.0123942441,1.8300000000,1.0185805915,1.8400000000,1.0247540525,1.8500000000,1.0309104041,1.8600000000,1.0370454847,1.8700000000,1.0431552091,1.8800000000,1.0492355835,1.8900000000,1.0552827198,1.9000000000,1.0612928495,1.9100000000,1.0672623370,1.9200000000,1.0731876934,1.9300000000,1.0790655884,1.9400000000,1.0848928624,1.9500000000,1.0906665382,1.9600000000,1.0963838314,1.9700000000,1.1020421604,1.9800000000,1.1076391561,1.9900000000,1.1131726699,2.0000000000,1.1186407817,2.0100000000,1.1240418068,2.0200000000,1.1293743020,2.0300000000,1.1346370706,2.0400000000,1.1398291670,2.0500000000,1.1449498997,2.0600000000,1.1499988344,2.0700000000,1.1549757949,2.0800000000,1.1598808640,2.0900000000,1.1647143836,2.1000000000,1.1694769526,2.1100000000,1.1741694257,2.1200000000,1.1787929095,2.1300000000,1.1833487591,2.1400000000,1.1878385730,2.1500000000,1.1922641873,2.1600000000,1.1966276692,2.1700000000,1.2009313094,2.1800000000,1.2051776142,2.1900000000,1.2093692959,2.2000000000,1.2135092636,2.2100000000,1.2176006126,2.2200000000,1.2216466130,2.2300000000,1.2256506982,2.2400000000,1.2296164523,2.2500000000,1.2335475976,2.2600000000,1.2374479808,2.2700000000,1.2413215593,2.2800000000,1.2451723870,2.2900000000,1.2490045997,2.3000000000,1.2528224002,2.3100000000,1.2566300430,2.3200000000,1.2604318195,2.3300000000,1.2642320419,2.3400000000,1.2680350281,2.3500000000,1.2718450861,2.3600000000,1.2756664984,2.3700000000,1.2795035066,2.3800000000,1.2833602962,2.3900000000,1.2872409816,2.4000000000,1.2911495911,2.1050000000
1970/06/30,1.8120000000,1.0073942441,1.8220000000,1.0135805915,1.8320000000,1.0197540525,1.8420000000,1.0259104041,1.8520000000,1.0320454847,1.8620000000,1.0381552091,1.8720000000,1.0442355835,1.8820000000,1.0502827198,1.8920000000,1.0562928495,1.9020000000,1.0622623370,1.9120000000,1.0681876934,1.9220000000,1.0740655884,1.9320000000,1.0798928624,1.9420000000,1.0856665382,1.9520000000,1.0913838314,1.9620000000,1.0970421604,1.9720000000,1.1026391561,1.9820000000,1.1081726699,1.9920000000,1.1136407817,2.0020000000,1.1190418068,2.0120000000,1.1243743020,2.0220000000,1.1296370706,2.0320000000,1.1348291670,2.0420000000,1.1399498997,2.0520000000,1.1449988344,2.0620000000,1.1499757949,2.0720000000,1.1548808640,2.0820000000,1.1597143836,2.0920000000,1.1644769526,2.1020000000,1.1691694257,2.1120000000,1.1737929095,2.1220000000,1.1783487591,2.1320000000,1.1828385730,2.1420000000,1.1872641873,2.1520000000,1.1916276692,2.1620000000,1.1959313094,2.1720000000,1.2001776142,2.1820000000,1.2043692959,2.1920000000,1.2085092636,2.2020000000,1.2126006126,2.2120000000,1.2166466130,2.2220000000,1.2206506982,2.2320000000,1.2246164523,2.2420000000,1.2285475976,2.2520000000,1.2324479808,2.2620000000,1.2363215593,2.2720000000,1.2401723870,2.2820000000,1.2440045997,2.2920000000,1.2478224002,2.3020000000,1.2516300430,2.3120000000,1.2554318195,2.3220000000,1.2592320419,2.3320000000,1.2630350281,2.3420000000,1.2668450861,2.3520000000,1.2706664984,2.3620000000,1.2745035066,2.3720000000,1.2783602962,2.3820000000,1.2822409816,2.3920000000,1.2861495911,2.4020000000,1.2900900525,2.1070000000
1970/09/30,1.8140000000,1.0085805915,1.8240000000,1.0147540525,1.8340000000,1.0209104041,1.8440000000,1.0270454847,1.8540000000,1.0331552091,1.8640000000,1.0392355835,1.8740000000,1.0452827198,1.8840000000,1.0512928495,1.8940000000,1.0572623370,1.9040000000,1.0631876934,1.9140000000,1.0690655884,1.9240000000,1.0748928624,1.9340000000,1.0806665382,1.9440000000,1.0863838314,1.9540000000,1.0920421604,1.9640000000,1.0976391561,1.9740000000,1.1031726699,1.9840000000,1.1086407817,1.9940000000,1.1140418068,2.0040000000,1.1193743020,2.0140000000,1.1246370706,2.0240000000,1.1298291670,2.0340000000,1.1349498997,2.0440000000,1.1399988344,2.0540000000,1.1449757949,2.0640000000,1.1498808640,2.0740000000,1.1547143836,2.0840000000,1.1594769526,2.0940000000,1.1641694257,2.1040000000,1.1687929095,2.1140000000,1.1733487591,2.1240000000,1.1778385730,2.1340000000,1.1822641873,2.1440000000,1.1866276692,2.1540000000,1.1909313094,2.1640000000,1.1951776142,2.1740000000,1.1993692959,2.1840000000,1.2035092636,2.1940000000,1.2076006126,2.2040000000,1.2116466130,2.2140000000,1.2156506982,2.2240000000,1.2196164523,2.2340000000,1.2235475976,2.2440000000,1.2274479808,2.2540000000,1.2313215593,2.2640000000,1.2351723870,2.2740000000,1.2390045997,2.2840000000,1.2428224002,2.2940000000,1.2466300430,2.3040000000,1.2504318195,2.3140000000,1.2542320419,2.3240000000,1.2580350281,2.3340000000,1.2618450861,2.3440000000,1.2656664984,2.3540000000,1.2695035066,2.3640000000,1.2733602962,2.3740000000,1.2772409816,2.3840000000,1.2811495911,2.3940000000,1.2850900525,2.4040000000,1.2890661791,2.1090000000
1970/12/31,1.8160000000,1.0097540525,1.8260000000,1.0159104041,1.8360000000,1.0220454847,1.8460000000,1.0281552091,1.8560000000,1.0342355835,1.8660000000,1.0402827198,1.8760000000,1.0462928495,1.8860000000,1.0522623370,1.8960000000,1.0581876934,1.9060000000,1.0640655884,1.9160000000,1.0698928624,1.9260000000,1.0756665382,1.9360000000,1.0813838314,1.9460000000,1.0870421604,1.9560000000,1.0926391561,1.9660000000,1.0981726699,1.9760000000,1.1036407817,1.9860000000,1.1090418068,1.9960000000,1.1143743020,2.0060000000,1.1196370706,2.0160000000,1.1248291670,2.0260000000,1.1299498997,2.0360000000,1.1349988344,2.0460000000,1.1399757949,2.0560000000,1.1448808640,2.0660000000,1.1497143836,2.0760000000,1.1544769526,2.0860000000,1.1591694257,2.0960000000,1.1637929095,2.1060000000,1.1683487591,2.1160000000,1.1728385730,2.1260000000,1.1772641873,2.1360000000,1.1816276692,2.1460000000,1.1859313094,2.1560000000,1.1901776142,2.1660000000,1.1943692959,2.1760000000,1.1985092636,2.1860000000,1.2026006126,2.1960000000,1.2066466130,2.2060000000,1.2106506982,2.2160000000,1.2146164523,2.2260000000,1.2185475976,2.2360000000,1.2224479808,2.2460000000,1.2263215593,2.2560000000,1.2301723870,2.2660000000,1.2340045997,2.2760000000,1.2378224002,2.2860000000,1.2416300430,2.2960000000,1.2454318195,2.3060000000,1.2492320419,2.3160000000,1.2530350281,2.3260000000,1.2568450861,2.3360000000,1.2606664984,2.3460000000,1.2645035066,2.3560000000,1.2683602962,2.3660000000,1.2722409816,2.3760000000,1.2761495911,2.3860000000,1.2800900525,2.3960000000,1.2840661791,2.4060000000,1.2880816555,2.1110000000
1971/03/31,1.8180000000,1.0109104041,1.8280000000,1.0170454847,1.8380000000,1.0231552091,1.8480000000,1.0292355835,1.8580000000,1.0352827198,1.8680000000,1.0412928495,1.8780000000,1.0472623370,1.8880000000,1.0531876934,1.8980000000,1.0590655884,1.9080000000,1.0648928624,1.9180000000,1.0706665382,1.9280000000,1.0763838314,1.9380000000,1.0820421604,1.9480000000,1.0876391561,1.9580000000,1.0931726699,1.9680000000,1.0986407817,1.9780000000,1.1040418068,1.9880000000,1.1093743020,1.9980000000,1.1146370706,2.0080000000,1.1198291670,2.0180000000,1.1249498997,2.0280000000,1.1299988344,2.0380000000,1.1349757949,2.0480000000,1.1398808640,2.0580000000,1.1447143836,2.0680000000,1.1494769526,2.0780000000,1.1541694257,2.0880000000,1.1587929095,2.0980000000,1.1633487591,2.1080000000,1.1678385730,2.1180000000,1.1722641873,2.1280000000,1.1766276692,2.1380000000,1.1809313094,2.1480000000,1.1851776142,2.1580000000,1.1893692959,2.1680000000,1.1935092636,2.1780000000,1.1976006126,2.1880000000,1.2016466130,2.1980000000,1.2056506982,2.2080000000,1.2096164523,2.2180000000,1.2135475976,2.2280000000,1.2174479808,2.2380000000,1.2213215593,2.2480000000,1.2251723870,2.2580000000,1.2290045997,2.2680000000,1.2328224002,2.2780000000,1.2366300430,2.2880000000,1.2404318195,2.2980000000,1.2442320419,2.3080000000,1.2480350281,2.3180000000,1.2518450861,2.3280000000,1.2556664984,2.3380000000,1.2595035066,2.3480000000,1.2633602962,2.3580000000,1.2672409816,2.3680000000,1.2711495911,2.3780000000,1.2750900525,2.3880000000,1.2790661791,2.3980000000,1.2830816555,2.4080000000,1.2871400252,2.1130000000
1971/06/30,1.8200000000,1.0120454847,1.8300000000,1.0181552091,1.8400000000,1.0242355835,1.8500000000,1.0302827198,1.8600000000,1.0362928495,1.8700000000,1.0422623370,1.8800000000,1.0481876934,1.8900000000,1.0540655884,1.9000000000,1.0598928624,1.9100000000,1.0656665382,1.9200000000,1.0713838314,1.9300000000,1.0770421604,1.9400000000,1.0826391561,1.9500000000,1.0881726699,1.9600000000,1.0936407817,1.9700000000,1.0990418068,1.9800000000,1.1043743020,1.9900000000,1.1096370706,2.0000000000,1.1148291670,2.0100000000,1.1199498997,2.0200000000,1.1249988344,2.0300000000,1.1299757949,2.0400000000,1.1348808640,2.0500000000,1.1397143836,2.0600000000,1.1444769526,2.0700000000,1.1491694257,2.0800000000,1.1537929095,2.0900000000,1.1583487591,2.1000000000,1.1628385730,2.1100000000,1.1672641873,2.1200000000,1.1716276692,2.1300000000,1.1759313094,2.1400000000,1.1801776142,2.1500000000,1.1843692959,2.1600000000,1.1885092636,2.1700000000,1.1926006126,2.1800000000,1.1966466130,2.1900000000,1.2006506982,2.2000000000,1.2046164523,2.2100000000,1.2085475976,2.2200000000,1.2124479808,2.2300000000,1.2163215593,2.2400000000,1.2201723870,2.2500000000,1.2240045997,2.2600000000,1.2278224002,2.2700000000,1.2316300430,2.2800000000,1.2354318195,2.2900000000,1.2392320419,2.3000000000,1.2430350281,2.3100000000,1.2468450861,2.3200000000,1.2506664984,2.3300000000,1.2545035066,2.3400000000,1.2583602962,2.3500000000,1.2622409816,2.3600000000,1.2661495911,2.3700000000,1.2700900525,2.3800000000,1.2740661791,2.3900000000,1.2780816555,2.4000000000,1.2821400252,2.4100000000,1.2862446768,2.1150000000
1971/09/30,1.8220000000,1.0131552091,1.8320000000,1.0192355835,1.8420000000,1.0252827198,1.8520000000,1.0312928495,1.8620000000,1.0372623370,1.8720000000,1.0431876934,1.8820000000,1.0490655884,1.8920000000,1.0548928624,1.9020000000,1.0606665382,1.9120000000,1.0663838314,1.9220000000,1.0720421604,1.9320000000,1.0776391561,1.9420000000,1.0831726699,1.9520000000,1.0886407817,1.9620000000,1.0940418068,1.9720000000,1.0993743020,1.9820000000,1.1046370706,1.9920000000,1.1098291670,2.0020000000,1.1149498997,2.0120000000,1.1199988344,2.0220000000,1.1249757949,2.0320000000,1.1298808640,2.0420000000,1.1347143836,2.0520000000,1.1394769526,2.0620000000,1.1441694257,2.0720000000,1.1487929095,2.0820000000,1.1533487591,2.0920000000,1.1578385730,2.1020000000,1.1622641873,2.1120000000,1.1666276692,2.1220000000,1.1709313094,2.1320000000,1.1751776142,2.1420000000,1.1793692959,2.1520000000,1.1835092636,2.1620000000,1.1876006126,2.1720000000,1.1916466130,2.1820000000,1.1956506982,2.1920000000,1.1996164523,2.2020000000,1.2035475976,2.2120000000,1.2074479808,2.2220000000,1.2113215593,2.2320000000,1.2151723870,2.2420000000,1.2190045997,2.2520000000,1.2228224002,2.2620000000,1.2266300430,2.2720000000,1.2304318195,2.2820000000,1.2342320419,2.2920000000,1.2380350281,2.3020000000,1.2418450861,2.3120000000,1.2456664984,2.3220000000,1.2495035066,2.3320000000,1.2533602962,2.3420000000,1.2572409816,2.3520000000,1.2611495911,2.3620000000,1.2650900525,2.3720000000,1.2690661791,2.3820000000,1.2730816555,2.3920000000,1.2771400252,2.4020000000,1.2812446768,2.4120000000,1.2853988328,2.1170000000
1971/12/31,1.8240000000,1.0142355835,1.8340000000,1.0202827198,1.8440000000,1.0262928495,1.8540000000,1.0322623370,1.8640000000,1.0381876934,1.8740000000,1.0440655884,1.8840000000,1.0498928624,1.8940000000,1.0556665382,1.9040000000,1.0613838314,1.9140000000,1.0670421604,1.9240000000,1.0726391561,1.9340000000,1.0781726699,1.9440000000,1.0836407817,1.9540000000,1.0890418068,1.9640000000,1.0943743020,1.9740000000,1.0996370706,1.9840000000,1.1048291670,1.9940000000,1.1099498997,2.0040000000,1.1149988344,2.0140000000,1.1199757949,2.0240000000,1.1248808640,2.0340000000,1.1297143836,2.0440000000,1.1344769526,2.0540000000,1.1391694257,2.0640000000,1.1437929095,2.0740000000,1.1483487591,2.0840000000,1.1528385730,2.0940000000,1.1572641873,2.1040000000,1.1616276692,2.1140000000,1.1659313094,2.1240000000,1.1701776142,2.1340000000,1.1743692959,2.1440000000,1.1785092636,2.1540000000,1.1826006126,2.1640000000,1.1866466130,2.1740000000,1.1906506982,2.1840000000,1.1946164523,2.1940000000,1.1985475976,2.2040000000,1.2024479808,2.2140000000,1.2063215593,2.2240000000,1.2101723870,2.2340000000,1.2140045997,2.2440000000,1.2178224002,2.2540000000,1.2216300430,2.2640000000,1.2254318195,2.2740000000,1.2292320419,2.2840000000,1.2330350281,2.2940000000,1.2368450861,2.3040000000,1.2406664984,2.3140000000,1.2445035066,2.3240000000,1.2483602962,2.3340000000,1.2522409816,2.3440000000,1.2561495911,2.3540000000,1.2600900525,2.3640000000,1.2640661791,2.3740000000,1.2680816555,2.3840000000,1.2721400252,2.3940000000,1.2762446768,2.4040000000,1.2803988328,2.4140000000,1.2846055372,2.1190000000
1972/03/31,1.8260000000,1.0152827198,1.8360000000,1.0212928495,1.8460000000,1.0272623370,1.8560000000,1.0331876934,1.8660000000,1.0390655884,1.8760000000,1.0448928624,1.8860000000,1.0506665382,1.8960000000,1.0563838314,1.9060000000,1.0620421604,1.9160000000,1.0676391561,1.9260000000,1.0731726699,1.9360000000,1.0786407817,1.9460000000,1.0840418068,1.9560000000,1.0893743020,1.9660000000,1.0946370706,1.9760000000,1.0998291670,1.9860000000,1.1049498997,1.9960000000,1.1099988344,2.0060000000,1.1149757949,2.0160000000,1.1198808640,2.0260000000,1.1247143836,2.0360000000,1.1294769526,2.0460000000,1.1341694257,2.0560000000,1.1387929095,2.0660000000,1.1433487591,2.0760000000,1.1478385730,2.0860000000,1.1522641873,2.0960000000,1.1566276692,2.1060000000,1.1609313094,2.1160000000,1.1651776142,2.1260000000,1.1693692959,2.1360000000,1.1735092636,2.1460000000,1.1776006126,2.1560000000,1.1816466130,2.1660000000,1.1856506982,2.1760000000,1.1896164523,2.1860000000,1.1935475976,2.1960000000,1.1974479808,2.2060000000,1.2013215593,2.2160000000,1.2051723870,2.2260000000,1.2090045997,2.2360000000,1.2128224002,2.2460000000,1.2166300430,2.2560000000,1.2204318195,2.2660000000,1.2242320419,2.2760000000,1.2280350281,2.2860000000,1.2318450861,2.2960000000,1.2356664984,2.3060000000,1.2395035066,2.3160000000,1.2433602962,2.3260000000,1.2472409816,2.3360000000,1.2511495911,2.3460000000,1.2550900525,2.3560000000,1.2590661791,2.3660000000,1.2630816555,2.3760000000,1.2671400252,2.3860000000,1.2712446768,2.3960000000,1.2753988328,2.4060000000,1.2796055372,2.4160000000,1.2838676450,2.1210000000
1972/06/30,1.8280000000,1.0162928495,1.8380000000,1.0222623370,1.8480000000,1.0281876934,1.8580000000,1.0340655884,1.8680000000,1.0398928624,1.8780000000,1.0456665382,1.8880000000,1.0513838314,1.8980000000,1.0570421604,1.9080000000,1.0626391561,1.9180000000,1.0681726699,1.9280000000,1.0736407817,1.9380000000,1.0790418068,1.9480000000,1.0843743020,1.9580000000,1.0896370706,1.9680000000,1.0948291670,1.9780000000,1.0999498997,1.9880000000,1.1049988344,1.9980000000,1.1099757949,2.0080000000,1.1148808640,2.0180000000,1.1197143836,2.0280000000,1.1244769526,2.0380000000,1.1291694257,2.0480000000,1.1337929095,2.0580000000,1.1383487591,2.0680000000,1.1428385730,2.0780000000,1.1472641873,2.0880000000,1.1516276692,2.0980000000,1.1559313094,2.1080000000,1.1601776142,2.1180000000,1.1643692959,2.1280000000,1.1685092636,2.1380000000,1.1726006126,2.1480000000,1.1766466130,2.1580000000,1.1806506982,2.1680000000,1.1846164523,2.1780000000,1.1885475976,2.1880000000,1.1924479808,2.1980000000,1.1963215593,2.2080000000,1.2001723870,2.2180000000,1.2040045997,2.2280000000,1.2078224002,2.2380000000,1.2116300430,2.2480000000,1.2154318195,2.2580000000,1.2192320419,2.2680000000,1.2230350281,2.2780000000,1.2268450861,2.2880000000,1.2306664984,2.2980000000,1.2345035066,2.3080000000,1.2383602962,2.3180000000,1.2422409816,2.3280000000,1.2461495911,2.3380000000,1.2500900525,2.3480000000,1.2540661791,2.3580000000,1.2580816555,2.3680000000,1.2621400252,2.3780000000,1.2662446768,2.3880000000,1.2703988328,2.3980000000,1.2746055372,2.4080000000,1.2788676450,2.4180000000,1.2831878119,2.1230000000
1972/09/30,1.8300000000,1.0172623370,1.8400000000,1.0231876934,1.8500000000,1.0290655884,1.8600000000,1.0348928624,1.8700000000,1.0406665382,1.8800000000,1.0463838314,1.8900000000,1.0520421604,1.9000000000,1.0576391561,1.9100000000,1.0631726699,1.9200000000,1.0686407817,1.9300000000,1.0740418068,1.9400000000,1.0793743020,1.9500000000,1.0846370706,1.9600000000,1.0898291670,1.9700000000,1.0949498997,1.9800000000,1.0999988344,1.9900000000,1.1049757949,2.0000000000,1.1098808640,2.0100000000,1.1147143836,2.0200000000,1.1194769526,2.0300000000,1.1241694257,2.0400000000,1.1287929095,2.0500000000,1.1333487591,2.0600000000,1.1378385730,2.0700000000,1.1422641873,2.0800000000,1.1466276692,2.0900000000,1.1509313094,2.1000000000,1.1551776142,2.1100000000,1.1593692959,2.1200000000,1.1635092636,2.1300000000,1.1676006126,2.1400000000,1.1716466130,2.1500000000,1.1756506982,2.1600000000,1.1796164523,2.1700000000,1.1835475976,2.1800000000,1.1874479808,2.1900000000,1.1913215593,2.2000000000,1.1951723870,2.2100000000,1.1990045997,2.2200000000,1.2028224002,2.2300000000,1.2066300430,2.2400000000,1.2104318195,2.2500000000,1.2142320419,2.2600000000,1.2180350281,2.2700000000,1.2218450861,2.2800000000,1.2256664984,2.2900000000,1.2295035066,2.3000000000,1.2333602962,2.3100000000,1.2372409816,2.3200000000,1.2411495911,2.3300000000,1.2450900525,2.3400000000,1.2490661791,2.3500000000,1.2530816555,2.3600000000,1.2571400252,2.3700000000,1.2612446768,2.3800000000,1.2653988328,2.3900000000,1.2696055372,2.4000000000,1.2738676450,2.4100000000,1.2781878119,2.4200000000,1.2825684846,2.1250000000
1972/12/31,1.8320000000,1.0181876934,1.8420000000,1.0240655884,1.8520000000,1.0298928624,1.8620000000,1.0356665382,1.8720000000,1.0413838314,1.8820000000,1.0470421604,1.8920000000,1.0526391561,1.9020000000,1.0581726699,1.9120000000,1.0636407817,1.9220000000,1.0690418068,1.9320000000,1.0743743020,1.9420000000,1.0796370706,1.9520000000,1.0848291670,1.9620000000,1.0899498997,1.9720000000,1.0949988344,1.9820000000,1.0999757949,1.9920000000,1.1048808640,2.0020000000,1.1097143836,2.0120000000,1.1144769526,2.0220000000,1.1191694257,2.0320000000,1.1237929095,2.0420000000,1.1283487591,2.0520000000,1.1328385730,2.0620000000,1.1372641873,2.0720000000,1.1416276692,2.0820000000,1.1459313094,2.0920000000,1.1501776142,2.1020000000,1.1543692959,2.1120000000,1.1585092636,2.1220000000,1.1626006126,2.1320000000,1.1666466130,2.1420000000,1.1706506982,2.1520000000,1.1746164523,2.1620000000,1.1785475976,2.1720000000,1.1824479808,2.1820000000,1.1863215593,2.1920000000,1.1901723870,2.2020000000,1.1940045997,2.2120000000,1.1978224002,2.2220000000,1.2016300430,2.2320000000,1.2054318195,2.2420000000,1.2092320419,2.2520000000,1.2130350281,2.2620000000,1.2168450861,2.2720000000,1.2206664984,2.2820000000,1.2245035066,2.2920000000,1.2283602962,2.3020000000,1.2322409816,2.3120000000,1.2361495911,2.3220000000,1.2400900525,2.3320000000,1.2440661791,2.3420000000,1.2480816555,2.3520000000,1.2521400252,2.3620000000,1.2562446768,2.3720000000,1.2603988328,2.3820000000,1.2646055372,2.3920000000,1.2688676450,2.4020000000,1.2731878119,2.4120000000,1.2775684846,2.4220000000,1.2820118918,2.1270000000
1973/03/31,1.8340000000,1.0190655884,1.8440000000,1.0248928624,1.8540000000,1.0306665382,1.8640000000,1.0363838314,1.8740000000,1.0420421604,1.8840000000,1.0476391561,1.8940000000,1.0531726699,1.9040000000,1.0586407817,1.9140000000,1.0640418068,1.9240000000,1.0693743020,1.9340000000,1.0746370706,1.9440000000,1.0798291670,1.9540000000,1.0849498997,1.9640000000,1.0899988344,1.9740000000,1.0949757949,1.9840000000,1.0998808640,1.9940000000,1.1047143836,2.0040000000,1.1094769526,2.0140000000,1.1141694257,2.0240000000,1.1187929095,2.0340000000,1.1233487591,2.0440000000,1.1278385730,2.0540000000,1.1322641873,2.0640000000,1.1366276692,2.0740000000,1.1409313094,2.0840000000,1.1451776142,2.0940000000,1.1493692959,2.1040000000,1.1535092636,2.1140000000,1.1576006126,2.1240000000,1.1616466130,2.1340000000,1.1656506982,2.1440000000,1.1696164523,2.1540000000,1.1735475976,2.1640000000,1.1774479808,2.1740000000,1.1813215593,2.1840000000,1.1851723870,2.1940000000,1.1890045997,2.2040000000,1.1928224002,2.2140000000,1.1966300430,2.2240000000,1.2004318195,2.2340000000,1.2042320419,2.2440000000,1.2080350281,2.2540000000,1.2118450861,2.2640000000,1.2156664984,2.2740000000,1.2195035066,2.2840000000,1.2233602962,2.2940000000,1.2272409816,2.3040000000,1.2311495911,2.3140000000,1.2350900525,2.3240000000,1.2390661791,2.3340000000,1.2430816555,2.3440000000,1.2471400252,2.3540000000,1.2512446768,2.3640000000,1.2553988328,2.3740000000,1.2596055372,2.3840000000,1.2638676450,2.3940000000,1.2681878119,2.4040000000,1.2725684846,2.4140000000,1.2770118918,2.4240000000,1.2815200368,2.1290000000
1973/06/30,1.8360000000,1.0198928624,1.8460000000,1.0256665382,1.8560000000,1.0313838314,1.8660000000,1.0370421604,1.8760000000,1.0426391561,1.8860000000,1.0481726699,1.8960000000,1.0536407817,1.9060000000,1.0590418068,1.9160000000,1.0643743020,1.9260000000,1.0696370706,1.9360000000,1.0748291670,1.9460000000,1.0799498997,1.9560000000,1.0849988344,1.9660000000,1.0899757949,1.9760000000,1.0948808640,1.9860000000,1.0997143836,1.9960000000,1.1044769526,2.0060000000,1.1091694257,2.0160000000,1.1137929095,2.0260000000,1.1183487591,2.0360000000,1.1228385730,2.0460000000,1.1272641873,2.0560000000,1.1316276692,2.0660000000,1.1359313094,2.0760000000,1.1401776142,2.0860000000,1.1443692959,2.0960000000,1.1485092636,2.1060000000,1.1526006126,2.1160000000,1.1566466130,2.1260000000,1.1606506982,2.1360000000,1.1646164523,2.1460000000,1.1685475976,2.1560000000,1.1724479808,2.1660000000,1.1763215593,2.1760000000,1.1801723870,2.1860000000,1.1840045997,2.1960000000,1.1878224002,2.2060000000,1.1916300430,2.2160000000,1.1954318195,2.2260000000,1.1992320419,2.2360000000,1.2030350281,2.2460000000,1.2068450861,2.2560000000,1.2106664984,2.2660000000,1.2145035066,2.2760000000,1.2183602962,2.2860000000,1.2222409816,2.2960000000,1.2261495911,2.3060000000,1.2300900525,2.3160000000,1.2340661791,2.3260000000,1.2380816555,2.3360000000,1.2421400252,2.3460000000,1.2462446768,2.3560000000,1.2503988328,2.3660000000,1.2546055372,2.3760000000,1.2588676450,2.3860000000,1.2631878119,2.3960000000,1.2675684846,2.4060000000,1.2720118918,2.4160000000,1.2765200368,2.4260000000,1.2810946898,2.1310000000
1973/09/30,1.8380000000,1.0206665382,1.8480000000,1.0263838314,1.8580000000,1.0320421604,1.8680000000,1.0376391561,1.8780000000,1.0431726699,1.8880000000,1.0486407817,1.8980000000,1.0540418068,1.9080000000,1.0593743020,1.9180000000,1.0646370706,1.9280000000,1.0698291670,1.9380000000,1.0749498997,1.9480000000,1.0799988344,1.9580000000,1.0849757949,1.9680000000,1.0898808640,1.9780000000,1.0947143836,1.9880000000,1.0994769526,1.9980000000,1.1041694257,2.0080000000,1.1087929095,2.0180000000,1.1133487591,2.0280000000,1.1178385730,2.0380000000,1.1222641873,2.0480000000,1.1266276692,2.0580000000,1.1309313094,2.0680000000,1.1351776142,2.0780000000,1.1393692959,2.0880000000,1.1435092636,2.0980000000,1.1476006126,2.1080000000,1.1516466130,2.1180000000,1.1556506982,2.1280000000,1.1596164523,2.1380000000,1.1635475976,2.1480000000,1.1674479808,2.1580000000,1.1713215593,2.1680000000,1.1751723870,2.1780000000,1.1790045997,2.1880000000,1.1828224002,2.1980000000,1.1866300430,2.2080000000,1.1904318195,2.2180000000,1.1942320419,2.2280000000,1.1980350281,2.2380000000,1.2018450861,2.2480000000,1.2056664984,2.2580000000,1.2095035066,2.2680000000,1.2133602962,2.2780000000,1.2172409816,2.2880000000,1.2211495911,2.2980000000,1.2250900525,2.3080000000,1.2290661791,2.3180000000,1.2330816555,2.3280000000,1.2371400252,2.3380000000,1.2412446768,2.3480000000,1.2453988328,2.3580000000,1.2496055372,2.3680000000,1.2538676450,2.3780000000,1.2581878119,2.3880000000,1.2625684846,2.3980000000,1.2670118918,2.4080000000,1.2715200368,2.4180000000,1.2760946898,2.4280000000,1.2807373814,2.1330000000
1973/12/31,1.8400000000,1.0213838314,1.8500000000,1.0270421604,1.8600000000,1.0326391561,1.8700000000,1.0381726699,1.8800000000,1.0436407817,1.8900000000,1.0490418068,1.9000000000,1.0543743020,1.9100000000,1.0596370706,1.9200000000,1.0648291670,1.9300000000,1.0699498997,1.9400000000,1.0749988344,1.9500000000,1.0799757949,1.9600000000,1.0848808640,1.9700000000,1.0897143836,1.9800000000,1.0944769526,1.9900000000,1.0991694257,2.0000000000,1.1037929095,2.0100000000,1.1083487591,2.0200000000,1.1128385730,2.0300000000,1.1172641873,2.0400000000,1.1216276692,2.0500000000,1.1259313094,2.0600000000,1.1301776142,2.0700000000,1.1343692959,2.0800000000,1.1385092636,2.0900000000,1.1426006126,2.1000000000,1.1466466130,2.1100000000,1.1506506982,2.1200000000,1.1546164523,2.1300000000,1.1585475976,2.1400000000,1.1624479808,2.1500000000,1.1663215593,2.1600000000,1.1701723870,2.1700000000,1.1740045997,2.1800000000,1.1778224002,2.1900000000,1.1816300430,2.2000000000,1.1854318195,2.2100000000,1.1892320419,2.2200000000,1.1930350281,2.2300000000,1.1968450861,2.2400000000,1.2006664984,2.2500000000,1.2045035066,2.2600000000,1.2083602962,2.2700000000,1.2122409816,2.2800000000,1.2161495911,2.2900000000,1.2200900525,2.3000000000,1.2240661791,2.3100000000,1.2280816555,2.3200000000,1.2321400252,2.3300000000,1.2362446768,2.3400000000,1.2403988328,2.3500000000,1.2446055372,2.3600000000,1.2488676450,2.3700000000,1.2531878119,2.3800000000,1.2575684846,2.3900000000,1.2620118918,2.4000000000,1.2665200368,2.4100000000,1.2710946898,2.4200000000,1.2757373814,2.4300000000,1.2804493976,2.1350000000
1974/03/31,1.8420000000,1.0220421604,1.8520000000,1.0276391561,1.8620000000,1.0331726699,1.8720000000,1.0386407817,1.8820000000,1.0440418068,1.8920000000,1.0493743020,1.9020000000,1.0546370706,1.9120000000,1.0598291670,1.9220000000,1.0649498997,1.9320000000,1.0699988344,1.9420000000,1.0749757949,1.9520000000,1.0798808640,1.9620000000,1.0847143836,1.9720000000,1.0894769526,1.9820000000,1.0941694257,1.9920000000,1.0987929095,2.0020000000,1.1033487591,2.0120000000,1.1078385730,2.0220000000,1.1122641873,2.0320000000,1.1166276692,2.0420000000,1.1209313094,2.0520000000,1.1251776142,2.0620000000,1.1293692959,2.0720000000,1.1335092636,2.0820000000,1.1376006126,2.0920000000,1.1416466130,2.1020000000,1.1456506982,2.1120000000,1.1496164523,2.1220000000,1.1535475976,2.1320000000,1.1574479808,2.1420000000,1.1613215593,2.1520000000,1.1651723870,2.1620000000,1.1690045997,2.1720000000,1.1728224002,2.1820000000,1.1766300430,2.1920000000,1.1804318195,2.2020000000,1.1842320419,2.2120000000,1.1880350281,2.2220000000,1.1918450861,2.2320000000,1.1956664984,2.2420000000,1.1995035066,2.2520000000,1.2033602962,2.2620000000,1.2072409816,2.2720000000,1.2111495911,2.2820000000,1.2150900525,2.2920000000,1.2190661791,2.3020000000,1.2230816555,2.3120000000,1.2271400252,2.3220000000,1.2312446768,2.3320000000,1.2353988328,2.3420000000,1.2396055372,2.3520000000,1.2438676450,2.3620000000,1.2481878119,2.3720000000,1.2525684846,2.3820000000,1.2570118918,2.3920000000,1.2615200368,2.4020000000,1.2660946898,2.4120000000,1.2707373814,2.4220000000,1.2754493976,2.4320000000,1.2802317750,2.1370000000
1974/06/30,1.8440000000,1.0226391561,1.8540000000,1.0281726699,1.8640000000,1.0336407817,1.8740000000,1.0390418068,1.8840000000,1.0443743020,1.8940000000,1.0496370706,1.9040000000,1.0548291670,1.9140000000,1.0599498997,1.9240000000,1.0649988344,1.9340000000,1.0699757949,1.9440000000,1.0748808640,1.9540000000,1.0797143836,1.9640000000,1.0844769526,1.9740000000,1.0891694257,1.9840000000,1.0937929095,1.9940000000,1.0983487591,2.0040000000,1.1028385730,2.0140000000,1.1072641873,2.0240000000,1.1116276692,2.0340000000,1.1159313094,2.0440000000,1.1201776142,2.0540000000,1.1243692959,2.0640000000,1.1285092636,2.0740000000,1.1326006126,2.0840000000,1.1366466130,2.0940000000,1.1406506982,2.1040000000,1.1446164523,2.1140000000,1.1485475976,2.1240000000,1.1524479808,2.1340000000,1.1563215593,2.1440000000,1.1601723870,2.1540000000,1.1640045997,2.1640000000,1.1678224002,2.1740000000,1.1716300430,2.1840000000,1.1754318195,2.1940000000,1.1792320419,2.2040000000,1.1830350281,2.2140000000,1.1868450861,2.2240000000,1.1906664984,2.2340000000,1.1945035066,2.2440000000,1.1983602962,2.2540000000,1.2022409816,2.2640000000,1.2061495911,2.2740000000,1.2100900525,2.2840000000,1.2140661791,2.2940000000,1.2180816555,2.3040000000,1.2221400252,2.3140000000,1.2262446768,2.3240000000,1.2303988328,2.3340000000,1.2346055372,2.3440000000,1.2388676450,2.3540000000,1.2431878119,2.3640000000,1.2475684846,2.3740000000,1.2520118918,2.3840000000,1.2565200368,2.3940000000,1.2610946898,2.4040000000,1.2657373814,2.4140000000,1.2704493976,2.4240000000,1.2752317750,2.4340000000,1.2800852965,2.1390000000
1974/09/30,1.8460000000,1.0231726699,1.8560000000,1.0286407817,1.8660000000,1.0340418068,1.8760000000,1.0393743020,1.8860000000,1.0446370706,1.8960000000,1.0498291670,1.9060000000,1.0549498997,1.9160000000,1.0599988344,1.9260000000,1.0649757949,1.9360000000,1.0698808640,1.9460000000,1.0747143836,1.9560000000,1.0794769526,1.9660000000,1.0841694257,1.9760000000,1.0887929095,1.9860000000,1.0933487591,1.9960000000,1.0978385730,2.0060000000,1.1022641873,2.0160000000,1.1066276692,2.0260000000,1.1109313094,2.0360000000,1.1151776142,2.0460000000,1.1193692959,2.0560000000,1.1235092636,2.0660000000,1.1276006126,2.0760000000,1.1316466130,2.0860000000,1.1356506982,2.0960000000,1.1396164523,2.1060000000,1.1435475976,2.1160000000,1.1474479808,2.1260000000,1.1513215593,2.1360000000,1.1551723870,2.1460000000,1.1590045997,2.1560000000,1.1628224002,2.1660000000,1.1666300430,2.1760000000,1.1704318195,2.1860000000,1.1742320419,2.1960000000,1.1780350281,2.2060000000,1.1818450861,2.2160000000,1.1856664984,2.2260000000,1.1895035066,2.2360000000,1.1933602962,2.2460000000,1.1972409816,2.2560000000,1.2011495911,2.2660000000,1.2050900525,2.2760000000,1.2090661791,2.2860000000,1.2130816555,2.2960000000,1.2171400252,2.3060000000,1.2212446768,2.3160000000,1.2253988328,2.3260000000,1.2296055372,2.3360000000,1.2338676450,2.3460000000,1.2381878119,2.3560000000,1.2425684846,2.3660000000,1.2470118918,2.3760000000,1.2515200368,2.3860000000,1.2560946898,2.3960000000,1.2607373814,2.4060000000,1.2654493976,2.4160000000,1.2702317750,2.4260000000,1.2750852965,2.4360000000,1.2800104895,2.1410000000
1974/12/31,1.8480000000,1.0236407817,1.8580000000,1.0290418068,1.8680000000,1.0343743020,1.8780000000,1.0396370706,1.8880000000,1.0448291670,1.8980000000,1.0499498997,1.9080000000,1.0549988344,1.9180000000,1.0599757949,1.9280000000,1.0648808640,1.9380000000,1.0697143836,1.9480000000,1.0744769526,1.9580000000,1.0791694257,1.9680000000,1.0837929095,1.9780000000,1.0883487591,1.9880000000,1.0928385730,1.9980000000,1.0972641873,2.0080000000,1.1016276692,2.0180000000,1.1059313094,2.0280000000,1.1101776142,2.0380000000,1.1143692959,2.0480000000,1.1185092636,2.0580000000,1.1226006126,2.0680000000,1.1266466130,2.0780000000,1.1306506982,2.0880000000,1.1346164523,2.0980000000,1.1385475976,2.1080000000,1.1424479808,2.1180000000,1.1463215593,2.1280000000,1.1501723870,2.1380000000,1.1540045997,2.1480000000,1.1578224002,2.1580000000,1.1616300430,2.1680000000,1.1654318195,2.1780000000,1.1692320419,2.1880000000,1.1730350281,2.1980000000,1.1768450861,2.2080000000,1.1806664984,2.2180000000,1.1845035066,2.2280000000,1.1883602962,2.2380000000,1.1922409816,2.2480000000,1.1961495911,2.2580000000,1.2000900525,2.2680000000,1.2040661791,2.2780000000,1.2080816555,2.2880000000,1.2121400252,2.2980000000,1.2162446768,2.3080000000,1.2203988328,2.3180000000,1.2246055372,2.3280000000,1.2288676450,2.3380000000,1.2331878119,2.3480000000,1.2375684846,2.3580000000,1.2420118918,2.3680000000,1.2465200368,2.3780000000,1.2510946898,2.3880000000,1.2557373814,2.3980000000,1.2604493976,2.4080000000,1.2652317750,2.4180000000,1.2700852965,2.4280000000,1.2750104895,2.4380000000,1.2800076232,2.1430000000
1975/03/31,1.8500000000,1.0240418068,1.8600000000,1.0293743020,1.8700000000,1.0346370706,1.8800000000,1.0398291670,1.8900000000,1.0449498997,1.9000000000,1.0499988344,1.9100000000,1.0549757949,1.9200000000,1.0598808640,1.9300000000,1.0647143836,1.9400000000,1.0694769526,1.9500000000,1.0741694257,1.9600000000,1.0787929095,1.9700000000,1.0833487591,1.9800000000,1.0878385730,1.9900000000,1.0922641873,2.0000000000,1.0966276692,2.0100000000,1.1009313094,2.0200000000,1.1051776142,2.0300000000,1.1093692959,2.0400000000,1.1135092636,2.0500000000,1.1176006126,2.0600000000,1.1216466130,2.0700000000,1.1256506982,2.0800000000,1.1296164523,2.0900000000,1.1335475976,2.1000000000,1.1374479808,2.1100000000,1.1413215593,2.1200000000,1.1451723870,2.1300000000,1.1490045997,2.1400000000,1.1528224002,2.1500000000,1.1566300430,2.1600000000,1.1604318195,2.1700000000,1.1642320419,2.1800000000,1.1680350281,2.1900000000,1.1718450861,2.2000000000,1.1756664984,2.2100000000,1.1795035066,2.2200000000,1.1833602962,2.2300000000,1.1872409816,2.2400000000,1.1911495911,2.2500000000,1.1950900525,2.2600000000,1.1990661791,2.2700000000,1.2030816555,2.2800000000,1.2071400252,2.2900000000,1.2112446768,2.3000000000,1.2153988328,2.3100000000,1.2196055372,2.3200000000,1.2238676450,2.3300000000,1.2281878119,2.3400000000,1.2325684846,2.3500000000,1.2370118918,2.3600000000,1.2415200368,2.3700000000,1.2460946898,2.3800000000,1.2507373814,2.3900000000,1.2554493976,2.4000000000,1.2602317750,2.4100000000,1.2650852965,2.4200000000,1.2700104895,2.4300000000,1.2750076232,2.4400000000,1.2800767078,2.1450000000
1975/06/30,1.8520000000,1.0243743020,1.8620000000,1.0296370706,1.8720000000,1.0348291670,1.8820000000,1.0399498997,1.8920000000,1.0449988344,1.9020000000,1.0499757949,1.9120000000,1.0548808640,1.9220000000,1.0597143836,1.9320000000,1.0644769526,1.9420000000,1.0691694257,1.9520000000,1.0737929095,1.9620000000,1.0783487591,1.9720000000,1.0828385730,1.9820000000,1.0872641873,1.9920000000,1.0916276692,2.0020000000,1.0959313094,2.0120000000,1.1001776142,2.0220000000,1.1043692959,2.0320000000,1.1085092636,2.0420000000,1.1126006126,2.0520000000,1.1166466130,2.0620000000,1.1206506982,2.0720000000,1.1246164523,2.0820000000,1.1285475976,2.0920000000,1.1324479808,2.1020000000,1.1363215593,2.1120000000,1.1401723870,2.1220000000,1.1440045997,2.1320000000,1.1478224002,2.1420000000,1.1516300430,2.1520000000,1.1554318195,2.1620000000,1.1592320419,2.1720000000,1.1630350281,2.1820000000,1.1668450861,2.1920000000,1.1706664984,2.2020000000,1.1745035066,2.2120000000,1.1783602962,2.2220000000,1.1822409816,2.2320000000,1.1861495911,2.2420000000,1.1900900525,2.2520000000,1.1940661791,2.2620000000,1.1980816555,2.2720000000,1.2021400252,2.2820000000,1.2062446768,2.2920000000,1.2103988328,2.3020000000,1.2146055372,2.3120000000,1.2188676450,2.3220000000,1.2231878119,2.3320000000,1.2275684846,2.3420000000,1.2320118918,2.3520000000,1.2365200368,2.3620000000,1.2410946898,2.3720000000,1.2457373814,2.3820000000,1.2504493976,2.3920000000,1.2552317750,2.4020000000,1.2600852965,2.4120000000,1.2650104895,2.4220000000,1.2700076232,2.4320000000,1.2750767078,2.4420000000,1.2802174948,2.1470000000
1975/09/30,1.8540000000,1.0246370706,1.8640000000,1.0298291670,1.8740000000,1.0349498997,1.8840000000,1.0399988344,1.8940000000,1.0449757949,1.9040000000,1.0498808640,1.9140000000,1.0547143836,1.9240000000,1.0594769526,1.9340000000,1.0641694257,1.9440000000,1.0687929095,1.9540000000,1.0733487591,1.9640000000,1.0778385730,1.9740000000,1.0822641873,1.9840000000,1.0866276692,1.9940000000,1.0909313094,2.0040000000,1.0951776142,2.0140000000,1.0993692959,2.0240000000,1.1035092636,2.0340000000,1.1076006126,2.0440000000,1.1116466130,2.0540000000,1.1156506982,2.0640000000,1.1196164523,2.0740000000,1.1235475976,2.0840000000,1.1274479808,2.0940000000,1.1313215593,2.1040000000,1.1351723870,2.1140000000,1.1390045997,2.1240000000,1.1428224002,2.1340000000,1.1466300430,2.1440000000,1.1504318195,2.1540000000,1.1542320419,2.1640000000,1.1580350281,2.1740000000,1.1618450861,2.1840000000,1.1656664984,2.1940000000,1.1695035066,2.2040000000,1.1733602962,2.2140000000,1.1772409816,2.2240000000,1.1811495911,2.2340000000,1.1850900525,2.2440000000,1.1890661791,2.2540000000,1.1930816555,2.2640000000,1.1971400252,2.2740000000,1.2012446768,2.2840000000,1.2053988328,2.2940000000,1.2096055372,2.3040000000,1.2138676450,2.3140000000,1.2181878119,2.3240000000,1.2225684846,2.3340000000,1.2270118918,2.3440000000,1.2315200368,2.3540000000,1.2360946898,2.3640000000,1.2407373814,2.3740000000,1.2454493976,2.3840000000,1.2502317750,2.3940000000,1.2550852965,2.4040000000,1.2600104895,2.4140000000,1.2650076232,2.4240000000,1.2700767078,2.4340000000,1.2752174948,2.4440000000,1.2804294774,2.1490000000
1975/12/31,1.8560000000,1.0248291670,1.8660000000,1.0299498997,1.8760000000,1.0349988344,1.8860000000,1.0399757949,1.8960000000,1.0448808640,1.9060000000,1.0497143836,1.9160000000,1.0544769526,1.9260000000,1.0591694257,1.9360000000,1.0637929095,1.9460000000,1.0683487591,1.9560000000,1.0728385730,1.9660000000,1.0772641873,1.9760000000,1.0816276692,1.9860000000,1.0859313094,1.9960000000,1.0901776142,2.0060000000,1.0943692959,2.0160000000,1.0985092636,2.0260000000,1.1026006126,2.0360000000,1.1066466130,2.0460000000,1.1106506982,2.0560000000,1.1146164523,2.0660000000,1.1185475976,2.0760000000,1.1224479808,2.0860000000,1.1263215593,2.0960000000,1.1301723870,2.1060000000,1.1340045997,2.1160000000,1.1378224002,2.1260000000,1.1416300430,2.1360000000,1.1454318195,2.1460000000,1.1492320419,2.1560000000,1.1530350281,2.1660000000,1.1568450861,2.1760000000,1.1606664984,2.1860000000,1.1645035066,2.1960000000,1.1683602962,2.2060000000,1.1722409816,2.2160000000,1.1761495911,2.2260000000,1.1800900525,2.2360000000,1.1840661791,2.2460000000,1.1880816555,2.2560000000,1.1921400252,2.2660000000,1.1962446768,2.2760000000,1.2003988328,2.2860000000,1.2046055372,2.2960000000,1.2088676450,2.3060000000,1.2131878119,2.3160000000,1.2175684846,2.3260000000,1.2220118918,2.3360000000,1.2265200368,2.3460000000,1.2310946898,2.3560000000,1.2357373814,2.3660000000,1.2404493976,2.3760000000,1.2452317750,2.3860000000,1.2500852965,2.3960000000,1.2550104895,2.4060000000,1.2600076232,2.4160000000,1.2650767078,2.4260000000,1.2702174948,2.4360000000,1.2754294774,2.4460000000,1.2807118928,2.1510000000
1976/03/31,1.8580000000,1.0249498997,1.8680000000,1.0299988344,1.8780000000,1.0349757949,1.8880000000,1.0398808640,1.8980000000,1.0447143836,1.9080000000,1.0494769526,1.9180000000,1.0541694257,1.9280000000,1.0587929095,1.9380000000,1.0633487591,1.9480000000,1.0678385730,1.9580000000,1.0722641873,1.9680000000,1.0766276692,1.9780000000,1.0809313094,1.9880000000,1.0851776142,1.9980000000,1.0893692959,2.0080000000,1.0935092636,2.0180000000,1.0976006126,2.0280000000,1.1016466130,2.0380000000,1.1056506982,2.0480000000,1.1096164523,2.0580000000,1.1135475976,2.0680000000,1.1174479808,2.0780000000,1.1213215593,2.0880000000,1.1251723870,2.0980000000,1.1290045997,2.1080000000,1.1328224002,2.1180000000,1.1366300430,2.1280000000,1.1404318195,2.1380000000,1.1442320419,2.1480000000,1.1480350281,2.1580000000,1.1518450861,2.1680000000,1.1556664984,2.1780000000,1.1595035066,2.1880000000,1.1633602962,2.1980000000,1.1672409816,2.2080000000,1.1711495911,2.2180000000,1.1750900525,2.2280000000,1.1790661791,2.2380000000,1.1830816555,2.2480000000,1.1871400252,2.2580000000,1.1912446768,2.2680000000,1.1953988328,2.2780000000,1.1996055372,2.2880000000,1.2038676450,2.2980000000,1.2081878119,2.3080000000,1.2125684846,2.3180000000,1.2170118918,2.3280000000,1.2215200368,2.3380000000,1.2260946898,2.3480000000,1.2307373814,2.3580000000,1.2354493976,2.3680000000,1.2402317750,2.3780000000,1.2450852965,2.3880000000,1.2500104895,2.3980000000,1.2550076232,2.4080000000,1.2600767078,2.4180000000,1.2652174948,2.4280000000,1.2704294774,2.4380000000,1.2757118928,2.4480000000,1.2810637245,2.1530000000
1976/06/30,1.8600000000,1.0249988344,1.8700000000,1.0299757949,1.8800000000,1.0348808640,1.8900000000,1.0397143836,1.9000000000,1.0444769526,1.9100000000,1.0491694257,1.9200000000,1.0537929095,1.9300000000,1.0583487591,1.9400000000,1.0628385730,1.9500000000,1.0672641873,1.9600000000,1.0716276692,1.9700000000,1.0759313094,1.9800000000,1.0801776142,1.9900000000,1.0843692959,2.0000000000,1.0885092636,2.0100000000,1.0926006126,2.0200000000,1.0966466130,2.0300000000,1.1006506982,2.0400000000,1.1046164523,2.0500000000,1.1085475976,2.0600000000,1.1124479808,2.0700000000,1.1163215593,2.0800000000,1.1201723870,2.0900000000,1.1240045997,2.1000000000,1.1278224002,2.1100000000,1.1316300430,2.1200000000,1.1354318195,2.1300000000,1.1392320419,2.1400000000,1.1430350281,2.1500000000,1.1468450861,2.1600000000,1.1506664984,2.1700000000,1.1545035066,2.1800000000,1.1583602962,2.1900000000,1.1622409816,2.2000000000,1.1661495911,2.2100000000,1.1700900525,2.2200000000,1.1740661791,2.2300000000,1.1780816555,2.2400000000,1.1821400252,2.2500000000,1.1862446768,2.2600000000,1.1903988328,2.2700000000,1.1946055372,2.2800000000,1.1988676450,2.2900000000,1.2031878119,2.3000000000,1.2075684846,2.3100000000,1.2120118918,2.3200000000,1.2165200368,2.3300000000,1.2210946898,2.3400000000,1.2257373814,2.3500000000,1.2304493976,2.3600000000,1.2352317750,2.3700000000,1.2400852965,2.3800000000,1.2450104895,2.3900000000,1.2500076232,2.4000000000,1.2550767078,2.4100000000,1.2602174948,2.4200000000,1.2654294774,2.4300000000,1.2707118928,2.4400000000,1.2760637245,2.4500000000,1.2814837064,2.1550000000
1976/09/30,1.8620000000,1.0249757949,1.8720000000,1.0298808640,1.8820000000,1.0347143836,1.8920000000,1.0394769526,1.9020000000,1.0441694257,1.9120000000,1.0487929095,1.9220000000,1.0533487591,1.9320000000,1.0578385730,1.9420000000,1.0622641873,1.9520000000,1.0666276692,1.9620000000,1.0709313094,1.9720000000,1.0751776142,1.9820000000,1.0793692959,1.9920000000,1.0835092636,2.0020000000,1.0876006126,2.0120000000,1.0916466130,2.0220000000,1.0956506982,2.0320000000,1.0996164523,2.0420000000,1.1035475976,2.0520000000,1.1074479808,2.0620000000,1.1113215593,2.0720000000,1.1151723870,2.0820000000,1.1190045997,2.0920000000,1.1228224002,2.1020000000,1.1266300430,2.1120000000,1.1304318195,2.1220000000,1.1342320419,2.1320000000,1.1380350281,2.1420000000,1.1418450861,2.1520000000,1.1456664984,2.1620000000,1.1495035066,2.1720000000,1.1533602962,2.1820000000,1.1572409816,2.1920000000,1.1611495911,2.2020000000,1.1650900525,2.2120000000,1.1690661791,2.2220000000,1.1730816555,2.2320000000,1.1771400252,2.2420000000,1.1812446768,2.2520000000,1.1853988328,2.2620000000,1.1896055372,2.2720000000,1.1938676450,2.2820000000,1.1981878119,2.2920000000,1.2025684846,2.3020000000,1.2070118918,2.3120000000,1.2115200368,2.3220000000,1.2160946898,2.3320000000,1.2207373814,2.3420000000,1.2254493976,2.3520000000,1.2302317750,2.3620000000,1.2350852965,2.3720000000,1.2400104895,2.3820000000,1.2450076232,2.3920000000,1.2500767078,2.4020000000,1.2552174948,2.4120000000,1.2604294774,2.4220000000,1.2657118928,2.4320000000,1.2710637245,2.4420000000,1.2764837064,2.4520000000,1.2819703269,2.1570000000
1976/12/31,1.8640000000,1.0248808640,1.8740000000,1.0297143836,1.8840000000,1.0344769526,1.8940000000,1.0391694257,1.9040000000,1.0437929095,1.9140000000,1.0483487591,1.9240000000,1.0528385730,1.9340000000,1.0572641873,1.9440000000,1.0616276692,1.9540000000,1.0659313094,1.9640000000,1.0701776142,1.9740000000,1.0743692959,1.9840000000,1.0785092636,1.9940000000,1.0826006126,2.0040000000,1.0866466130,2.0140000000,1.0906506982,2.0240000000,1.0946164523,2.0340000000,1.0985475976,2.0440000000,1.1024479808,2.0540000000,1.1063215593,2.0640000000,1.1101723870,2.0740000000,1.1140045997,2.0840000000,1.1178224002,2.0940000000,1.1216300430,2.1040000000,1.1254318195,2.1140000000,1.1292320419,2.1240000000,1.1330350281,2.1340000000,1.1368450861,2.1440000000,1.1406664984,2.1540000000,1.1445035066,2.1640000000,1.1483602962,2.1740000000,1.1522409816,2.1840000000,1.1561495911,2.1940000000,1.1600900525,2.2040000000,1.1640661791,2.2140000000,1.1680816555,2.2240000000,1.1721400252,2.2340000000,1.1762446768,2.2440000000,1.1803988328,2.2540000000,1.1846055372,2.2640000000,1.1888676450,2.2740000000,1.1931878119,2.2840000000,1.1975684846,2.2940000000,1.2020118918,2.3040000000,1.2065200368,2.3140000000,1.2110946898,2.3240000000,1.2157373814,2.3340000000,1.2204493976,2.3440000000,1.2252317750,2.3540000000,1.2300852965,2.3640000000,1.2350104895,2.3740000000,1.2400076232,2.3840000000,1.2450767078,2.3940000000,1.2502174948,2.4040000000,1.2554294774,2.4140000000,1.2607118928,2.4240000000,1.2660637245,2.4340000000,1.2714837064,2.4440000000,1.2769703269,2.4540000000,1.2825218348,2.1590000000
1977/03/31,1.8660000000,1.0247143836,1.8760000000,1.0294769526,1.8860000000,1.0341694257,1.8960000000,1.0387929095,1.9060000000,1.0433487591,1.9160000000,1.0478385730,1.9260000000,1.0522641873,1.9360000000,1.0566276692,1.9460000000,1.0609313094,1.9560000000,1.0651776142,1.9660000000,1.0693692959,1.9760000000,1.0735092636,1.9860000000,1.0776006126,1.9960000000,1.0816466130,2.0060000000,1.0856506982,2.0160000000,1.0896164523,2.0260000000,1.0935475976,2.0360000000,1.0974479808,2.0460000000,1.1013215593,2.0560000000,1.1051723870,2.0660000000,1.1090045997,2.0760000000,1.1128224002,2.0860000000,1.1166300430,2.0960000000,1.1204318195,2.1060000000,1.1242320419,2.1160000000,1.1280350281,2.1260000000,1.1318450861,2.1360000000,1.1356664984,2.1460000000,1.1395035066,2.1560000000,1.1433602962,2.1660000000,1.1472409816,2.1760000000,1.1511495911,2.1860000000,1.1550900525,2.1960000000,1.1590661791,2.2060000000,1.1630816555,2.2160000000,1.1671400252,2.2260000000,1.1712446768,2.2360000000,1.1753988328,2.2460000000,1.1796055372,2.2560000000,1.1838676450,2.2660000000,1.1881878119,2.2760000000,1.1925684846,2.2860000000,1.1970118918,2.2960000000,1.2015200368,2.3060000000,1.2060946898,2.3160000000,1.2107373814,2.3260000000,1.2154493976,2.3360000000,1.2202317750,2.3460000000,1.2250852965,2.3560000000,1.2300104895,2.3660000000,1.2350076232,2.3760000000,1.2400767078,2.3860000000,1.2452174948,2.3960000000,1.2504294774,2.4060000000,1.2557118928,2.4160000000,1.2610637245,2.4260000000,1.2664837064,2.4360000000,1.2719703269,2.4460000000,1.2775218348,2.4560000000,1.2831362452,2.1610000000
1977/06/30,1.8680000000,1.0244769526,1.8780000000,1.0291694257,1.8880000000,1.0337929095,1.8980000000,1.0383487591,1.9080000000,1.0428385730,1.9180000000,1.0472641873,1.9280000000,1.0516276692,1.9380000000,1.0559313094,1.9480000000,1.0601776142,1.9580000000,1.0643692959,1.9680000000,1.0685092636,1.9780000000,1.0726006126,1.9880000000,1.0766466130,1.9980000000,1.0806506982,2.0080000000,1.0846164523,2.0180000000,1.0885475976,2.0280000000,1.0924479808,2.0380000000,1.0963215593,2.0480000000,1.1001723870,2.0580000000,1.1040045997,2.0680000000,1.1078224002,2.0780000000,1.1116300430,2.0880000000,1.1154318195,2.0980000000,1.1192320419,2.1080000000,1.1230350281,2.1180000000,1.1268450861,2.1280000000,1.1306664984,2.1380000000,1.1345035066,2.1480000000,1.1383602962,2.1580000000,1.1422409816,2.1680000000,1.1461495911,2.1780000000,1.1500900525,2.1880000000,1.1540661791,2.1980000000,1.1580816555,2.2080000000,1.1621400252,2.2180000000,1.1662446768,2.2280000000,1.1703988328,2.2380000000,1.1746055372,2.2480000000,1.1788676450,2.2580000000,1.1831878119,2.2680000000,1.1875684846,2.2780000000,1.1920118918,2.2880000000,1.1965200368,2.2980000000,1.2010946898,2.3080000000,1.2057373814,2.3180000000,1.2104493976,2.3280000000,1.2152317750,2.3380000000,1.2200852965,2.3480000000,1.2250104895,2.3580000000,1.2300076232,2.3680000000,1.2350767078,2.3780000000,1.2402174948,2.3880000000,1.2454294774,2.3980000000,1.2507118928,2.4080000000,1.2560637245,2.4180000000,1.2614837064,2.4280000000,1.2669703269,2.4380000000,1.2725218348,2.4480000000,1.2781362452,2.4580000000,1.2838113469,2.1630000000
1977/09/30,1.8700000000,1.0241694257,1.8800000000,1.0287929095,1.8900000000,1.0333487591,1.9000000000,1.0378385730,1.9100000000,1.0422641873,1.9200000000,1.0466276692,1.9300000000,1.0509313094,1.9400000000,1.0551776142,1.9500000000,1.0593692959,1.9600000000,1.0635092636,1.9700000000,1.0676006126,1.9800000000,1.0716466130,1.9900000000,1.0756506982,2.0000000000,1.0796164523,2.0100000000,1.0835475976,2.0200000000,1.0874479808,2.0300000000,1.0913215593,2.0400000000,1.0951723870,2.0500000000,1.0990045997,2.0600000000,1.1028224002,2.0700000000,1.1066300430,2.0800000000,1.1104318195,2.0900000000,1.1142320419,2.1000000000,1.1180350281,2.1100000000,1.1218450861,2.1200000000,1.1256664984,2.1300000000,1.1295035066,2.1400000000,1.1333602962,2.1500000000,1.1372409816,2.1600000000,1.1411495911,2.1700000000,1.1450900525,2.1800000000,1.1490661791,2.1900000000,1.1530816555,2.2000000000,1.1571400252,2.2100000000,1.1612446768,2.2200000000,1.1653988328,2.2300000000,1.1696055372,2.2400000000,1.1738676450,2.2500000000,1.1781878119,2.2600000000,1.1825684846,2.2700000000,1.1870118918,2.2800000000,1.1915200368,2.2900000000,1.1960946898,2.3000000000,1.2007373814,2.3100000000,1.2054493976,2.3200000000,1.2102317750,2.3300000000,1.2150852965,2.3400000000,1.2200104895,2.3500000000,1.2250076232,2.3600000000,1.2300767078,2.3700000000,1.2352174948,2.3800000000,1.2404294774,2.3900000000,1.2457118928,2.4000000000,1.2510637245,2.4100000000,1.2564837064,2.4200000000,1.2619703269,2.4300000000,1.2675218348,2.4400000000,1.2731362452,2.4500000000,1.2788113469,2.4600000000,1.2845447102,2.1650000000
1977/12/31,1.8720000000,1.0237929095,1.8820000000,1.0283487591,1.8920000000,1.0328385730,1.9020000000,1.0372641873,1.9120000000,1.0416276692,1.9220000000,1.0459313094,1.9320000000,1.0501776142,1.9420000000,1.0543692959,1.9520000000,1.0585092636,1.9620000000,1.0626006126,1.9720000000,1.0666466130,1.9820000000,1.0706506982,1.9920000000,1.0746164523,2.0020000000,1.0785475976,2.0120000000,1.0824479808,2.0220000000,1.0863215593,2.0320000000,1.0901723870,2.0420000000,1.0940045997,2.0520000000,1.0978224002,2.0620000000,1.1016300430,2.0720000000,1.1054318195,2.0820000000,1.1092320419,2.0920000000,1.1130350281,2.1020000000,1.1168450861,2.1120000000,1.1206664984,2.1220000000,1.1245035066,2.1320000000,1.1283602962,2.1420000000,1.1322409816,2.1520000000,1.1361495911,2.1620000000,1.1400900525,2.1720000000,1.1440661791,2.1820000000,1.1480816555,2.1920000000,1.1521400252,2.2020000000,1.1562446768,2.2120000000,1.1603988328,2.2220000000,1.1646055372,2.2320000000,1.1688676450,2.2420000000,1.1731878119,2.2520000000,1.1775684846,2.2620000000,1.1820118918,2.2720000000,1.1865200368,2.2820000000,1.1910946898,2.2920000000,1.1957373814,2.3020000000,1.2004493976,2.3120000000,1.2052317750,2.3220000000,1.2100852965,2.3320000000,1.2150104895,2.3420000000,1.2200076232,2.3520000000,1.2250767078,2.3620000000,1.2302174948,2.3720000000,1.2354294774,2.3820000000,1.2407118928,2.3920000000,1.2460637245,2.4020000000,1.2514837064,2.4120000000,1.2569703269,2.4220000000,1.2625218348,2.4320000000,1.2681362452,2.4420000000,1.2738113469,2.4520000000,1.2795447102,2.4620000000,1.2853336960,2.1670000000
1978/03/31,1.8740000000,1.0233487591,1.8840000000,1.0278385730,1.8940000000,1.0322641873,1.9040000000,1.0366276692,1.9140000000,1.0409313094,1.9240000000,1.0451776142,1.9340000000,1.0493692959,1.9440000000,1.0535092636,1.9540000000,1.0576006126,1.9640000000,1.0616466130,1.9740000000,1.0656506982,1.9840000000,1.0696164523,1.9940000000,1.0735475976,2.0040000000,1.0774479808,2.0140000000,1.0813215593,2.0240000000,1.0851723870,2.0340000000,1.0890045997,2.0440000000,1.0928224002,2.0540000000,1.0966300430,2.0640000000,1.1004318195,2.0740000000,1.1042320419,2.0840000000,1.1080350281,2.0940000000,1.1118450861,2.1040000000,1.1156664984,2.1140000000,1.1195035066,2.1240000000,1.1233602962,2.1340000000,1.1272409816,2.1440000000,1.1311495911,2.1540000000,1.1350900525,2.1640000000,1.1390661791,2.1740000000,1.1430816555,2.1840000000,1.1471400252,2.1940000000,1.1512446768,2.2040000000,1.1553988328,2.2140000000,1.1596055372,2.2240000000,1.1638676450,2.2340000000,1.1681878119,2.2440000000,1.1725684846,2.2540000000,1.1770118918,2.2640000000,1.1815200368,2.2740000000,1.1860946898,2.2840000000,1.1907373814,2.2940000000,1.1954493976,2.3040000000,1.2002317750,2.3140000000,1.2050852965,2.3240000000,1.2100104895,2.3340000000,1.2150076232,2.3440000000,1.2200767078,2.3540000000,1.2252174948,2.3640000000,1.2304294774,2.3740000000,1.2357118928,2.3840000000,1.2410637245,2.3940000000,1.2464837064,2.4040000000,1.2519703269,2.4140000000,1.2575218348,2.4240000000,1.2631362452,2.4340000000,1.2688113469,2.4440000000,1.2745447102,2.4540000000,1.2803336960,2.4640000000,1.2861754646,2.1690000000
1978/06/30,1.8760000000,1.0228385730,1.8860000000,1.0272641873,1.8960000000,1.0316276692,1.9060000000,1.0359313094,1.9160000000,1.0401776142,1.9260000000,1.0443692959,1.9360000000,1.0485092636,1.9460000000,1.0526006126,1.9560000000,1.0566466130,1.9660000000,1.0606506982,1.9760000000,1.0646164523,1.9860000000,1.0685475976,1.9960000000,1.0724479808,2.0060000000,1.0763215593,2.0160000000,1.0801723870,2.0260000000,1.0840045997,2.0360000000,1.0878224002,2.0460000000,1.0916300430,2.0560000000,1.0954318195,2.0660000000,1.0992320419,2.0760000000,1.1030350281,2.0860000000,1.1068450861,2.0960000000,1.1106664984,2.1060000000,1.1145035066,2.1160000000,1.1183602962,2.1260000000,1.1222409816,2.1360000000,1.1261495911,2.1460000000,1.1300900525,2.1560000000,1.1340661791,2.1660000000,1.1380816555,2.1760000000,1.1421400252,2.1860000000,1.1462446768,2.1960000000,1.1503988328,2.2060000000,1.1546055372,2.2160000000,1.1588676450,2.2260000000,1.1631878119,2.2360000000,1.1675684846,2.2460000000,1.1720118918,2.2560000000,1.1765200368,2.2660000000,1.1810946898,2.2760000000,1.1857373814,2.2860000000,1.1904493976,2.2960000000,1.1952317750,2.3060000000,1.2000852965,2.3160000000,1.2050104895,2.3260000000,1.2100076232,2.3360000000,1.2150767078,2.3460000000,1.2202174948,2.3560000000,1.2254294774,2.3660000000,1.2307118928,2.3760000000,1.2360637245,2.3860000000,1.2414837064,2.3960000000,1.2469703269,2.4060000000,1.2525218348,2.4160000000,1.2581362452,2.4260000000,1.2638113469,2.4360000000,1.2695447102,2.4460000000,1.2753336960,2.4560000000,1.2811754646,2.4660000000,1.2870669866,2.1710000000
1978/09/30,1.8780000000,1.0222641873,1.8880000000,1.0266276692,1.8980000000,1.0309313094,1.9080000000,1.0351776142,1.9180000000,1.0393692959,1.9280000000,1.0435092636,1.9380000000,1.0476006126,1.9480000000,1.0516466130,1.9580000000,1.0556506982,1.9680000000,1.0596164523,1.9780000000,1.0635475976,1.9880000000,1.0674479808,1.9980000000,1.0713215593,2.0080000000,1.0751723870,2.0180000000,1.0790045997,2.0280000000,1.0828224002,2.0380000000,1.0866300430,2.0480000000,1.0904318195,2.0580000000,1.0942320419,2.0680000000,1.0980350281,2.0780000000,1.1018450861,2.0880000000,1.1056664984,2.0980000000,1.1095035066,2.1080000000,1.1133602962,2.1180000000,1.1172409816,2.1280000000,1.1211495911,2.1380000000,1.1250900525,2.1480000000,1.1290661791,2.1580000000,1.1330816555,2.1680000000,1.1371400252,2.1780000000,1.1412446768,2.1880000000,1.1453988328,2.1980000000,1.1496055372,2.2080000000,1.1538676450,2.2180000000,1.1581878119,2.2280000000,1.1625684846,2.2380000000,1.1670118918,2.2480000000,1.1715200368,2.2580000000,1.1760946898,2.2680000000,1.1807373814,2.2780000000,1.1854493976,2.2880000000,1.1902317750,2.2980000000,1.1950852965,2.3080000000,1.2000104895,2.3180000000,1.2050076232,2.3280000000,1.2100767078,2.3380000000,1.2152174948,2.3480000000,1.2204294774,2.3580000000,1.2257118928,2.3680000000,1.2310637245,2.3780000000,1.2364837064,2.3880000000,1.2419703269,2.3980000000,1.2475218348,2.4080000000,1.2531362452,2.4180000000,1.2588113469,2.4280000000,1.2645447102,2.4380000000,1.2703336960,2.4480000000,1.2761754646,2.4580000000,1.2820669866,2.4680000000,1.2880050534,2.1730000000
1978/12/31,1.8800000000,1.0216276692,1.8900000000,1.0259313094,1.9000000000,1.0301776142,1.9100000000,1.0343692959,1.9200000000,1.0385092636,1.9300000000,1.0426006126,1.9400000000,1.0466466130,1.9500000000,1.0506506982,1.9600000000,1.0546164523,1.9700000000,1.0585475976,1.9800000000,1.0624479808,1.9900000000,1.0663215593,2.0000000000,1.0701723870,2.0100000000,1.0740045997,2.0200000000,1.0778224002,2.0300000000,1.0816300430,2.0400000000,1.0854318195,2.0500000000,1.0892320419,2.0600000000,1.0930350281,2.0700000000,1.0968450861,2.0800000000,1.1006664984,2.0900000000,1.1045035066,2.1000000000,1.1083602962,2.1100000000,1.1122409816,2.1200000000,1.1161495911,2.1300000000,1.1200900525,2.1400000000,1.1240661791,2.1500000000,1.1280816555,2.1600000000,1.1321400252,2.1700000000,1.1362446768,2.1800000000,1.1403988328,2.1900000000,1.1446055372,2.2000000000,1.1488676450,2.2100000000,1.1531878119,2.2200000000,1.1575684846,2.2300000000,1.1620118918,2.2400000000,1.1665200368,2.2500000000,1.1710946898,2.2600000000,1.1757373814,2.2700000000,1.1804493976,2.2800000000,1.1852317750,2.2900000000,1.1900852965,2.3000000000,1.1950104895,2.3100000000,1.2000076232,2.3200000000,1.2050767078,2.3300000000,1.2102174948,2.3400000000,1.2154294774,2.3500000000,1.2207118928,2.3600000000,1.2260637245,2.3700000000,1.2314837064,2.3800000000,1.2369703269,2.3900000000,1.2425218348,2.4000000000,1.2481362452,2.4100000000,1.2538113469,2.4200000000,1.2595447102,2.4300000000,1.2653336960,2.4400000000,1.2711754646,2.4500000000,1.2770669866,2.4600000000,1.2830050534,2.4700000000,1.2889862891,2.1750000000
1979/03/31,1.8820000000,1.0209313094,1.8920000000,1.0251776142,1.9020000000,1.0293692959,1.9120000000,1.0335092636,1.9220000000,1.0376006126,1.9320000000,1.0416466130,1.9420000000,1.0456506982,1.9520000000,1.0496164523,1.9620000000,1.0535475976,1.9720000000,1.0574479808,1.9820000000,1.0613215593,1.9920000000,1.0651723870,2.0020000000,1.0690045997,2.0120000000,1.0728224002,2.0220000000,1.0766300430,2.0320000000,1.0804318195,2.0420000000,1.0842320419,2.0520000000,1.0880350281,2.0620000000,1.0918450861,2.0720000000,1.0956664984,2.0820000000,1.0995035066,2.0920000000,1.1033602962,2.1020000000,1.1072409816,2.1120000000,1.1111495911,2.1220000000,1.1150900525,2.1320000000,1.1190661791,2.1420000000,1.1230816555,2.1520000000,1.1271400252,2.1620000000,1.1312446768,2.1720000000,1.1353988328,2.1820000000,1.1396055372,2.1920000000,1.1438676450,2.2020000000,1.1481878119,2.2120000000,1.1525684846,2.2220000000,1.1570118918,2.2320000000,1.1615200368,2.2420000000,1.1660946898,2.2520000000,1.1707373814,2.2620000000,1.1754493976,2.2720000000,1.1802317750,2.2820000000,1.1850852965,2.2920000000,1.1900104895,2.3020000000,1.1950076232,2.3120000000,1.2000767078,2.3220000000,1.2052174948,2.3320000000,1.2104294774,2.3420000000,1.2157118928,2.3520000000,1.2210637245,2.3620000000,1.2264837064,2.3720000000,1.2319703269,2.3820000000,1.2375218348,2.3920000000,1.2431362452,2.4020000000,1.2488113469,2.4120000000,1.2545447102,2.4220000000,1.2603336960,2.4320000000,1.2661754646,2.4420000000,1.2720669866,2.4520000000,1.2780050534,2.4620000000,1.2839862891,2.4720000000,1.2900071623,2.1770000000
1979/06/30,1.8840000000,1.0201776142,1.8940000000,1.0243692959,1.9040000000,1.0285092636,1.9140000000,1.0326006126,1.9240000000,1.0366466130,1.9340000000,1.0406506982,1.9440000000,1.0446164523,1.9540000000,1.0485475976,1.9640000000,1.0524479808,1.9740000000,1.0563215593,1.9840000000,1.0601723870,1.9940000000,1.0640045997,2.0040000000,1.0678224002,2.0140000000,1.0716300430,2.0240000000,1.0754318195,2.0340000000,1.0792320419,2.0440000000,1.0830350281,2.0540000000,1.0868450861,2.0640000000,1.0906664984,2.0740000000,1.0945035066,2.0840000000,1.0983602962,2.0940000000,1.1022409816,2.1040000000,1.1061495911,2.1140000000,1.1100900525,2.1240000000,1.1140661791,2.1340000000,1.1180816555,2.1440000000,1.1221400252,2.1540000000,1.1262446768,2.1640000000,1.1303988328,2.1740000000,1.1346055372,2.1840000000,1.1388676450,2.1940000000,1.1431878119,2.2040000000,1.1475684846,2.2140000000,1.1520118918,2.2240000000,1.1565200368,2.2340000000,1.1610946898,2.2440000000,1.1657373814,2.2540000000,1.1704493976,2.2640000000,1.1752317750,2.2740000000,1.1800852965,2.2840000000,1.1850104895,2.2940000000,1.1900076232,2.3040000000,1.1950767078,2.3140000000,1.2002174948,2.3240000000,1.2054294774,2.3340000000,1.2107118928,2.3440000000,1.2160637245,2.3540000000,1.2214837064,2.3640000000,1.2269703269,2.3740000000,1.2325218348,2.3840000000,1.2381362452,2.3940000000,1.2438113469,2.4040000000,1.2495447102,2.4140000000,1.2553336960,2.4240000000,1.2611754646,2.4340000000,1.2670669866,2.4440000000,1.2730050534,2.4540000000,1.2789862891,2.4640000000,1.2850071623,2.4740000000,1.2910639990,2.1790000000
1979/09/30,1.8860000000,1.0193692959,1.8960000000,1.0235092636,1.9060000000,1.0276006126,1.9160000000,1.0316466130,1.9260000000,1.0356506982,1.9360000000,1.0396164523,1.9460000000,1.0435475976,1.9560000000,1.0474479808,1.9660000000,1.0513215593,1.9760000000,1.0551723870,1.9860000000,1.0590045997,1.9960000000,1.0628224002,2.0060000000,1.0666300430,2.0160000000,1.0704318195,2.0260000000,1.0742320419,2.0360000000,1.0780350281,2.0460000000,1.0818450861,2.0560000000,1.0856664984,2.0660000000,1.0895035066,2.0760000000,1.0933602962,2.0860000000,1.0972409816,2.0960000000,1.1011495911,2.1060000000,1.1050900525,2.1160000000,1.1090661791,2.1260000000,1.1130816555,2.1360000000,1.1171400252,2.1460000000,1.1212446768,2.1560000000,1.1253988328,2.1660000000,1.1296055372,2.1760000000,1.1338676450,2.1860000000,1.1381878119,2.1960000000,1.1425684846,2.2060000000,1.1470118918,2.2160000000,1.1515200368,2.2260000000,1.1560946898,2.2360000000,1.1607373814,2.2460000000,1.1654493976,2.2560000000,1.1702317750,2.2660000000,1.1750852965,2.2760000000,1.1800104895,2.2860000000,1.1850076232,2.2960000000,1.1900767078,2.3060000000,1.1952174948,2.3160000000,1.2004294774,2.3260000000,1.2057118928,2.3360000000,1.2110637245,2.3460000000,1.2164837064,2.3560000000,1.2219703269,2.3660000000,1.2275218348,2.3760000000,1.2331362452,2.3860000000,1.2388113469,2.3960000000,1.2445447102,2.4060000000,1.2503336960,2.4160000000,1.2561754646,2.4260000000,1.2620669866,2.4360000000,1.2680050534,2.4460000000,1.2739862891,2.4560000000,1.2800071623,2.4660000000,1.2860639990,2.4760000000,1.2921529955,2.1810000000
1979/12/31,1.8880000000,1.0185092636,1.8980000000,1.0226006126,1.9080000000,1.0266466130,1.9180000000,1.0306506982,1.9280000000,1.0346164523,1.9380000000,1.0385475976,1.9480000000,1.0424479808,1.9580000000,1.0463215593,1.9680000000,1.0501723870,1.9780000000,1.0540045997,1.9880000000,1.0578224002,1.9980000000,1.0616300430,2.0080000000,1.0654318195,2.0180000000,1.0692320419,2.0280000000,1.0730350281,2.0380000000,1.0768450861,2.0480000000,1.0806664984,2.0580000000,1.0845035066,2.0680000000,1.0883602962,2.0780000000,1.0922409816,2.0880000000,1.0961495911,2.0980000000,1.1000900525,2.1080000000,1.1040661791,2.1180000000,1.1080816555,2.1280000000,1.1121400252,2.1380000000,1.1162446768,2.1480000000,1.1203988328,2.1580000000,1.1246055372,2.1680000000,1.1288676450,2.1780000000,1.1331878119,2.1880000000,1.1375684846,2.1980000000,1.1420118918,2.2080000000,1.1465200368,2.2180000000,1.1510946898,2.2280000000,1.1557373814,2.2380000000,1.1604493976,2.2480000000,1.1652317750,2.2580000000,1.1700852965,2.2680000000,1.1750104895,2.2780000000,1.1800076232,2.2880000000,1.1850767078,2.2980000000,1.1902174948,2.3080000000,1.1954294774,2.3180000000,1.2007118928,2.3280000000,1.2060637245,2.3380000000,1.2114837064,2.3480000000,1.2169703269,2.3580000000,1.2225218348,2.3680000000,1.2281362452,2.3780000000,1.2338113469,2.3880000000,1.2395447102,2.3980000000,1.2453336960,2.4080000000,1.2511754646,2.4180000000,1.2570669866,2.4280000000,1.2630050534,2.4380000000,1.2689862891,2.4480000000,1.2750071623,2.4580000000,1.2810639990,2.4680000000,1.2871529955,2.4780000000,1.2932702328,2.1830000000
1980/03/31,1.8900000000,1.0176006126,1.9000000000,1.0216466130,1.9100000000,1.0256506982,1.9200000000,1.0296164523,1.9300000000,1.0335475976,1.9400000000,1.0374479808,1.9500000000,1.0413215593,1.9600000000,1.0451723870,1.9700000000,1.0490045997,1.9800000000,1.0528224002,1.9900000000,1.0566300430,2.0000000000,1.0604318195,2.0100000000,1.0642320419,2.0200000000,1.0680350281,2.0300000000,1.0718450861,2.0400000000,1.0756664984,2.0500000000,1.0795035066,2.0600000000,1.0833602962,2.0700000000,1.0872409816,2.0800000000,1.0911495911,2.0900000000,1.0950900525,2.1000000000,1.0990661791,2.1100000000,1.1030816555,2.1200000000,1.1071400252,2.1300000000,1.1112446768,2.1400000000,1.1153988328,2.1500000000,1.1196055372,2.1600000000,1.1238676450,2.1700000000,1.1281878119,2.1800000000,1.1325684846,2.1900000000,1.1370118918,2.2000000000,1.1415200368,2.2100000000,1.1460946898,2.2200000000,1.1507373814,2.2300000000,1.1554493976,2.2400000000,1.1602317750,2.2500000000,1.1650852965,2.2600000000,1.1700104895,2.2700000000,1.1750076232,2.2800000000,1.1800767078,2.2900000000,1.1852174948,2.3000000000,1.1904294774,2.3100000000,1.1957118928,2.3200000000,1.2010637245,2.3300000000,1.2064837064,2.3400000000,1.2119703269,2.3500000000,1.2175218348,2.3600000000,1.2231362452,2.3700000000,1.2288113469,2.3800000000,1.2345447102,2.3900000000,1.2403336960,2.4000000000,1.2461754646,2.4100000000,1.2520669866,2.4200000000,1.2580050534,2.4300000000,1.2639862891,2.4400000000,1.2700071623,2.4500000000,1.2760639990,2.4600000000,1.2821529955,2.4700000000,1.2882702328,2.4800000000,1.2944116900,2.1850000000
1980/06/30,1.8920000000,1.0166466130,1.9020000000,1.0206506982,1.9120000000,1.0246164523,1.9220000000,1.0285475976,1.9320000000,1.0324479808,1.9420000000,1.0363215593,1.9520000000,1.0401723870,1.9620000000,1.0440045997,1.9720000000,1.0478224002,1.9820000000,1.0516300430,1.9920000000,1.0554318195,2.0020000000,1.0592320419,2.0120000000,1.0630350281,2.0220000000,1.0668450861,2.0320000000,1.0706664984,2.0420000000,1.0745035066,2.0520000000,1.0783602962,2.0620000000,1.0822409816,2.0720000000,1.0861495911,2.0820000000,1.0900900525,2.0920000000,1.0940661791,2.1020000000,1.0980816555,2.1120000000,1.1021400252,2.1220000000,1.1062446768,2.1320000000,1.1103988328,2.1420000000,1.1146055372,2.1520000000,1.1188676450,2.1620000000,1.1231878119,2.1720000000,1.1275684846,2.1820000000,1.1320118918,2.1920000000,1.1365200368,2.2020000000,1.1410946898,2.2120000000,1.1457373814,2.2220000000,1.1504493976,2.2320000000,1.1552317750,2.2420000000,1.1600852965,2.2520000000,1.1650104895,2.2620000000,1.1700076232,2.2720000000,1.1750767078,2.2820000000,1.1802174948,2.2920000000,1.1854294774,2.3020000000,1.1907118928,2.3120000000,1.1960637245,2.3220000000,1.2014837064,2.3320000000,1.2069703269,2.3420000000,1.2125218348,2.3520000000,1.2181362452,2.3620000000,1.2238113469,2.3720000000,1.2295447102,2.3820000000,1.2353336960,2.3920000000,1.2411754646,2.4020000000,1.2470669866,2.4120000000,1.2530050534,2.4220000000,1.2589862891,2.4320000000,1.2650071623,2.4420000000,1.2710639990,2.4520000000,1.2771529955,2.4620000000,1.2832702328,2.4720000000,1.2894116900,2.4820000000,1.2955732591,2.1870000000
1980/09/30,1.8940000000,1.0156506982,1.9040000000,1.0196164523,1.9140000000,1.0235475976,1.9240000000,1.0274479808,1.9340000000,1.0313215593,1.9440000000,1.0351723870,1.9540000000,1.0390045997,1.9640000000,1.0428224002,1.9740000000,1.0466300430,1.9840000000,1.0504318195,1.9940000000,1.0542320419,2.0040000000,1.0580350281,2.0140000000,1.0618450861,2.0240000000,1.0656664984,2.0340000000,1.0695035066,2.0440000000,1.0733602962,2.0540000000,1.0772409816,2.0640000000,1.0811495911,2.0740000000,1.0850900525,2.0840000000,1.0890661791,2.0940000000,1.0930816555,2.1040000000,1.0971400252,2.1140000000,1.1012446768,2.1240000000,1.1053988328,2.1340000000,1.1096055372,2.1440000000,1.1138676450,2.1540000000,1.1181878119,2.1640000000,1.1225684846,2.1740000000,1.1270118918,2.1840000000,1.1315200368,2.1940000000,1.1360946898,2.2040000000,1.1407373814,2.2140000000,1.1454493976,2.2240000000,1.1502317750,2.2340000000,1.1550852965,2.2440000000,1.1600104895,2.2540000000,1.1650076232,2.2640000000,1.1700767078,2.2740000000,1.1752174948,2.2840000000,1.1804294774,2.2940000000,1.1857118928,2.3040000000,1.1910637245,2.3140000000,1.1964837064,2.3240000000,1.2019703269,2.3340000000,1.2075218348,2.3440000000,1.2131362452,2.3540000000,1.2188113469,2.3640000000,1.2245447102,2.3740000000,1.2303336960,2.3840000000,1.2361754646,2.3940000000,1.2420669866,2.4040000000,1.2480050534,2.4140000000,1.2539862891,2.4240000000,1.2600071623,2.4340000000,1.2660639990,2.4440000000,1.2721529955,2.4540000000,1.2782702328,2.4640000000,1.2844116900,2.4740000000,1.2905732591,2.4840000000,1.2967507597,2.1890000000
1980/12/31,1.8960000000,1.0146164523,1.9060000000,1.0185475976,1.9160000000,1.0224479808,1.9260000000,1.0263215593,1.9360000000,1.0301723870,1.9460000000,1.0340045997,1.9560000000,1.0378224002,1.9660000000,1.0416300430,1.9760000000,1.0454318195,1.9860000000,1.0492320419,1.9960000000,1.0530350281,2.0060000000,1.0568450861,2.0160000000,1.0606664984,2.0260000000,1.0645035066,2.0360000000,1.0683602962,2.0460000000,1.0722409816,2.0560000000,1.0761495911,2.0660000000,1.0800900525,2.0760000000,1.0840661791,2.0860000000,1.0880816555,2.0960000000,1.0921400252,2.1060000000,1.0962446768,2.1160000000,1.1003988328,2.1260000000,1.1046055372,2.1360000000,1.1088676450,2.1460000000,1.1131878119,2.1560000000,1.1175684846,2.1660000000,1.1220118918,2.1760000000,1.1265200368,2.1860000000,1.1310946898,2.1960000000,1.1357373814,2.2060000000,1.1404493976,2.2160000000,1.1452317750,2.2260000000,1.1500852965,2.2360000000,1.1550104895,2.2460000000,1.1600076232,2.2560000000,1.1650767078,2.2660000000,1.1702174948,2.2760000000,1.1754294774,2.2860000000,1.1807118928,2.2960000000,1.1860637245,2.3060000000,1.1914837064,2.3160000000,1.1969703269,2.3260000000,1.2025218348,2.3360000000,1.2081362452,2.3460000000,1.2138113469,2.3560000000,1.2195447102,2.3660000000,1.2253336960,2.3760000000,1.2311754646,2.3860000000,1.2370669866,2.3960000000,1.2430050534,2.4060000000,1.2489862891,2.4160000000,1.2550071623,2.4260000000,1.2610639990,2.4360000000,1.2671529955,2.4460000000,1.2732702328,2.4560000000,1.2794116900,2.4660000000,1.2855732591,2.4760000000,1.2917507597,2.4860000000,1.2979399540,2.1910000000
1981/03/31,1.8980000000,1.0135475976,1.9080000000,1.0174479808,1.9180000000,1.0213215593,1.9280000000,1.0251723870,1.9380000000,1.0290045997,1.9480000000,1.0328224002,1.9580000000,1.0366300430,1.9680000000,1.0404318195,1.9780000000,1.0442320419,1.9880000000,1.0480350281,1.9980000000,1.0518450861,2.0080000000,1.0556664984,2.0180000000,1.0595035066,2.0280000000,1.0633602962,2.0380000000,1.0672409816,2.0480000000,1.0711495911,2.0580000000,1.0750900525,2.0680000000,1.0790661791,2.0780000000,1.0830816555,2.0880000000,1.0871400252,2.0980000000,1.0912446768,2.1080000000,1.0953988328,2.1180000000,1.0996055372,2.1280000000,1.1038676450,2.1380000000,1.1081878119,2.1480000000,1.1125684846,2.1580000000,1.1170118918,2.1680000000,1.1215200368,2.1780000000,1.1260946898,2.1880000000,1.1307373814,2.1980000000,1.1354493976,2.2080000000,1.1402317750,2.2180000000,1.1450852965,2.2280000000,1.1500104895,2.2380000000,1.1550076232,2.2480000000,1.1600767078,2.2580000000,1.1652174948,2.2680000000,1.1704294774,2.2780000000,1.1757118928,2.2880000000,1.1810637245,2.2980000000,1.1864837064,2.3080000000,1.1919703269,2.3180000000,1.1975218348,2.3280000000,1.2031362452,2.3380000000,1.2088113469,2.3480000000,1.2145447102,2.3580000000,1.2203336960,2.3680000000,1.2261754646,2.3780000000,1.2320669866,2.3880000000,1.2380050534,2.3980000000,1.2439862891,2.4080000000,1.2500071623,2.4180000000,1.2560639990,2.4280000000,1.2621529955,2.4380000000,1.2682702328,2.4480000000,1.2744116900,2.4580000000,1.2805732591,2.4680000000,1.2867507597,2.4780000000,1.2929399540,2.4880000000,1.2991365623,2.1930000000
1981/06/30,1.9000000000,1.0124479808,1.9100000000,1.0163215593,1.9200000000,1.0201723870,1.9300000000,1.0240045997,1.9400000000,1.0278224002,1.9500000000,1.0316300430,1.9600000000,1.0354318195,1.9700000000,1.0392320419,1.9800000000,1.0430350281,1.9900000000,1.0468450861,2.0000000000,1.0506664984,2.0100000000,1.0545035066,2.0200000000,1.0583602962,2.0300000000,1.0622409816,2.0400000000,1.0661495911,2.0500000000,1.0700900525,2.0600000000,1.0740661791,2.0700000000,1.0780816555,2.0800000000,1.0821400252,2.0900000000,1.0862446768,2.1000000000,1.0903988328,2.1100000000,1.0946055372,2.1200000000,1.0988676450,2.1300000000,1.1031878119,2.1400000000,1.1075684846,2.1500000000,1.1120118918,2.1600000000,1.1165200368,2.1700000000,1.1210946898,2.1800000000,1.1257373814,2.1900000000,1.1304493976,2.2000000000,1.1352317750,2.2100000000,1.1400852965,2.2200000000,1.1450104895,2.2300000000,1.1500076232,2.2400000000,1.1550767078,2.2500000000,1.1602174948,2.2600000000,1.1654294774,2.2700000000,1.1707118928,2.2800000000,1.1760637245,2.2900000000,1.1814837064,2.3000000000,1.1869703269,2.3100000000,1.1925218348,2.3200000000,1.1981362452,2.3300000000,1.2038113469,2.3400000000,1.2095447102,2.3500000000,1.2153336960,2.3600000000,1.2211754646,2.3700000000,1.2270669866,2.3800000000,1.2330050534,2.3900000000,1.2389862891,2.4000000000,1.2450071623,2.4100000000,1.2510639990,2.4200000000,1.2571529955,2.4300000000,1.2632702328,2.4400000000,1.2694116900,2.4500000000,1.2755732591,2.4600000000,1.2817507597,2.4700000000,1.2879399540,2.4800000000,1.2941365623,2.4900000000,1.3003362780,2.1950000000
1981/09/30,1.9020000000,1.0113215593,1.9120000000,1.0151723870,1.9220000000,1.0190045997,1.9320000000,1.0228224002,1.9420000000,1.0266300430,1.9520000000,1.0304318195,1.9620000000,1.0342320419,1.9720000000,1.0380350281,1.9820000000,1.0418450861,1.9920000000,1.0456664984,2.0020000000,1.0495035066,2.0120000000,1.0533602962,2.0220000000,1.0572409816,2.0320000000,1.0611495911,2.0420000000,1.0650900525,2.0520000000,1.0690661791,2.0620000000,1.0730816555,2.0720000000,1.0771400252,2.0820000000,1.0812446768,2.0920000000,1.0853988328,2.1020000000,1.0896055372,2.1120000000,1.0938676450,2.1220000000,1.0981878119,2.1320000000,1.1025684846,2.1420000000,1.1070118918,2.1520000000,1.1115200368,2.1620000000,1.1160946898,2.1720000000,1.1207373814,2.1820000000,1.1254493976,2.1920000000,1.1302317750,2.2020000000,1.1350852965,2.2120000000,1.1400104895,2.2220000000,1.1450076232,2.2320000000,1.1500767078,2.2420000000,1.1552174948,2.2520000000,1.1604294774,2.2620000000,1.1657118928,2.2720000000,1.1710637245,2.2820000000,1.1764837064,2.2920000000,1.1819703269,2.3020000000,1.1875218348,2.3120000000,1.1931362452,2.3220000000,1.1988113469,2.3320000000,1.2045447102,2.3420000000,1.2103336960,2.3520000000,1.2161754646,2.3620000000,1.2220669866,2.3720000000,1.2280050534,2.3820000000,1.2339862891,2.3920000000,1.2400071623,2.4020000000,1.2460639990,2.4120000000,1.2521529955,2.4220000000,1.2582702328,2.4320000000,1.2644116900,2.4420000000,1.2705732591,2.4520000000,1.2767507597,2.4620000000,1.2829399540,2.4720000000,1.2891365623,2.4820000000,1.2953362780,2.4920000000,1.3015347835,2.1970000000
1981/12/31,1.9040000000,1.0101723870,1.9140000000,1.0140045997,1.9240000000,1.0178224002,1.9340000000,1.0216300430,1.9440000000,1.0254318195,1.9540000000,1.0292320419,1.9640000000,1.0330350281,1.9740000000,1.0368450861,1.9840000000,1.0406664984,1.9940000000,1.0445035066,2.0040000000,1.0483602962,2.0140000000,1.0522409816,2.0240000000,1.0561495911,2.0340000000,1.0600900525,2.0440000000,1.0640661791,2.0540000000,1.0680816555,2.0640000000,1.0721400252,2.0740000000,1.0762446768,2.0840000000,1.0803988328,2.0940000000,1.0846055372,2.1040000000,1.0888676450,2.1140000000,1.0931878119,2.1240000000,1.0975684846,2.1340000000,1.1020118918,2.1440000000,1.1065200368,2.1540000000,1.1110946898,2.1640000000,1.1157373814,2.1740000000,1.1204493976,2.1840000000,1.1252317750,2.1940000000,1.1300852965,2.2040000000,1.1350104895,2.2140000000,1.1400076232,2.2240000000,1.1450767078,2.2340000000,1.1502174948,2.2440000000,1.1554294774,2.2540000000,1.1607118928,2.2640000000,1.1660637245,2.2740000000,1.1714837064,2.2840000000,1.1769703269,2.2940000000,1.1825218348,2.3040000000,1.1881362452,2.3140000000,1.1938113469,2.3240000000,1.1995447102,2.3340000000,1.2053336960,2.3440000000,1.2111754646,2.3540000000,1.2170669866,2.3640000000,1.2230050534,2.3740000000,1.2289862891,2.3840000000,1.2350071623,2.3940000000,1.2410639990,2.4040000000,1.2471529955,2.4140000000,1.2532702328,2.4240000000,1.2594116900,2.4340000000,1.2655732591,2.4440000000,1.2717507597,2.4540000000,1.2779399540,2.4640000000,1.2841365623,2.4740000000,1.2903362780,2.4840000000,1.2965347835,2.4940000000,1.3027277654,2.1990000000
1982/03/31,1.9060000000,1.0090045997,1.9160000000,1.0128224002,1.9260000000,1.0166300430,1.9360000000,1.0204318195,1.9460000000,1.0242320419,1.9560000000,1.0280350281,1.9660000000,1.0318450861,1.9760000000,1.0356664984,1.9860000000,1.0395035066,1.9960000000,1.0433602962,2.0060000000,1.0472409816,2.0160000000,1.0511495911,2.0260000000,1.0550900525,2.0360000000,1.0590661791,2.0460000000,1.0630816555,2.0560000000,1.0671400252,2.0660000000,1.0712446768,2.0760000000,1.0753988328,2.0860000000,1.0796055372,2.0960000000,1.0838676450,2.1060000000,1.0881878119,2.1160000000,1.0925684846,2.1260000000,1.0970118918,2.1360000000,1.1015200368,2.1460000000,1.1060946898,2.1560000000,1.1107373814,2.1660000000,1.1154493976,2.1760000000,1.1202317750,2.1860000000,1.1250852965,2.1960000000,1.1300104895,2.2060000000,1.1350076232,2.2160000000,1.1400767078,2.2260000000,1.1452174948,2.2360000000,1.1504294774,2.2460000000,1.1557118928,2.2560000000,1.1610637245,2.2660000000,1.1664837064,2.2760000000,1.1719703269,2.2860000000,1.1775218348,2.2960000000,1.1831362452,2.3060000000,1.1888113469,2.3160000000,1.1945447102,2.3260000000,1.2003336960,2.3360000000,1.2061754646,2.3460000000,1.2120669866,2.3560000000,1.2180050534,2.3660000000,1.2239862891,2.3760000000,1.2300071623,2.3860000000,1.2360639990,2.3960000000,1.2421529955,2.4060000000,1.2482702328,2.4160000000,1.2544116900,2.4260000000,1.2605732591,2.4360000000,1.2667507597,2.4460000000,1.2729399540,2.4560000000,1.2791365623,2.4660000000,1.2853362780,2.4760000000,1.2915347835,2.4860000000,1.2977277654,2.4960000000,1.3039109303,2.2010000000
1982/06/30,1.9080000000,1.0078224002,1.9180000000,1.0116300430,1.9280000000,1.0154318195,1.9380000000,1.0192320419,1.9480000000,1.0230350281,1.9580000000,1.0268450861,1.9680000000,1.0306664984,1.9780000000,1.0345035066,1.9880000000,1.0383602962,1.9980000000,1.0422409816,2.0080000000,1.0461495911,2.0180000000,1.0500900525,2.0280000000,1.0540661791,2.0380000000,1.0580816555,2.0480000000,1.0621400252,2.0580000000,1.0662446768,2.0680000000,1.0703988328,2.0780000000,1.0746055372,2.0880000000,1.0788676450,2.0980000000,1.0831878119,2.1080000000,1.0875684846,2.1180000000,1.0920118918,2.1280000000,1.0965200368,2.1380000000,1.1010946898,2.1480000000,1.1057373814,2.1580000000,1.1104493976,2.1680000000,1.1152317750,2.1780000000,1.1200852965,2.1880000000,1.1250104895,2.1980000000,1.1300076232,2.2080000000,1.1350767078,2.2180000000,1.1402174948,2.2280000000,1.1454294774,2.2380000000,1.1507118928,2.2480000000,1.1560637245,2.2580000000,1.1614837064,2.2680000000,1.1669703269,2.2780000000,1.1725218348,2.2880000000,1.1781362452,2.2980000000,1.1838113469,2.3080000000,1.1895447102,2.3180000000,1.1953336960,2.3280000000,1.2011754646,2.3380000000,1.2070669866,2.3480000000,1.2130050534,2.3580000000,1.2189862891,2.3680000000,1.2250071623,2.3780000000,1.2310639990,2.3880000000,1.2371529955,2.3980000000,1.2432702328,2.4080000000,1.2494116900,2.4180000000,1.2555732591,2.4280000000,1.2617507597,2.4380000000,1.2679399540,2.4480000000,1.2741365623,2.4580000000,1.2803362780,2.4680000000,1.2865347835,2.4780000000,1.2927277654,2.4880000000,1.2989109303,2.4980000000,1.3050800201,2.2030000000
1982/09/30,1.9100000000,1.0066300430,1.9200000000,1.0104318195,1.9300000000,1.0142320419,1.9400000000,1.0180350281,1.9500000000,1.0218450861,1.9600000000,1.0256664984,1.9700000000,1.0295035066,1.9800000000,1.0333602962,1.9900000000,1.0372409816,2.0000000000,1.0411495911,2.0100000000,1.0450900525,2.0200000000,1.0490661791,2.0300000000,1.0530816555,2.0400000000,1.0571400252,2.0500000000,1.0612446768,2.0600000000,1.0653988328,2.0700000000,1.0696055372,2.0800000000,1.0738676450,2.0900000000,1.0781878119,2.1000000000,1.0825684846,2.1100000000,1.0870118918,2.1200000000,1.0915200368,2.1300000000,1.0960946898,2.1400000000,1.1007373814,2.1500000000,1.1054493976,2.1600000000,1.1102317750,2.1700000000,1.1150852965,2.1800000000,1.1200104895,2.1900000000,1.1250076232,2.2000000000,1.1300767078,2.2100000000,1.1352174948,2.2200000000,1.1404294774,2.2300000000,1.1457118928,2.2400000000,1.1510637245,2.2500000000,1.1564837064,2.2600000000,1.1619703269,2.2700000000,1.1675218348,2.2800000000,1.1731362452,2.2900000000,1.1788113469,2.3000000000,1.1845447102,2.3100000000,1.1903336960,2.3200000000,1.1961754646,2.3300000000,1.2020669866,2.3400000000,1.2080050534,2.3500000000,1.2139862891,2.3600000000,1.2200071623,2.3700000000,1.2260639990,2.3800000000,1.2321529955,2.3900000000,1.2382702328,2.4000000000,1.2444116900,2.4100000000,1.2505732591,2.4200000000,1.2567507597,2.4300000000,1.2629399540,2.4400000000,1.2691365623,2.4500000000,1.2753362780,2.4600000000,1.2815347835,2.4700000000,1.2877277654,2.4800000000,1.2939109303,2.4900000000,1.3000800201,2.5000000000,1.3062308273,2.2050000000
1982/12/31,1.9120000000,1.0054318195,1.9220000000,1.0092320419,1.9320000000,1.0130350281,1.9420000000,1.0168450861,1.9520000000,1.0206664984,1.9620000000,1.0245035066,1.9720000000,1.0283602962,1.9820000000,1.0322409816,1.9920000000,1.0361495911,2.0020000000,1.0400900525,2.0120000000,1.0440661791,2.0220000000,1.0480816555,2.0320000000,1.0521400252,2.0420000000,1.0562446768,2.0520000000,1.0603988328,2.0620000000,1.0646055372,2.0720000000,1.0688676450,2.0820000000,1.0731878119,2.0920000000,1.0775684846,2.1020000000,1.0820118918,2.1120000000,1.0865200368,2.1220000000,1.0910946898,2.1320000000,1.0957373814,2.1420000000,1.1004493976,2.1520000000,1.1052317750,2.1620000000,1.1100852965,2.1720000000,1.1150104895,2.1820000000,1.1200076232,2.1920000000,1.1250767078,2.2020000000,1.1302174948,2.2120000000,1.1354294774,2.2220000000,1.1407118928,2.2320000000,1.1460637245,2.2420000000,1.1514837064,2.2520000000,1.1569703269,2.2620000000,1.1625218348,2.2720000000,1.1681362452,2.2820000000,1.1738113469,2.2920000000,1.1795447102,2.3020000000,1.1853336960,2.3120000000,1.1911754646,2.3220000000,1.1970669866,2.3320000000,1.2030050534,2.3420000000,1.2089862891,2.3520000000,1.2150071623,2.3620000000,1.2210639990,2.3720000000,1.2271529955,2.3820000000,1.2332702328,2.3920000000,1.2394116900,2.4020000000,1.2455732591,2.4120000000,1.2517507597,2.4220000000,1.2579399540,2.4320000000,1.2641365623,2.4420000000,1.2703362780,2.4520000000,1.2765347835,2.4620000000,1.2827277654,2.4720000000,1.2889109303,2.4820000000,1.2950800201,2.4920000000,1.3012308273,2.5020000000,1.3073592102,2.2070000000
1983/03/31,1.9140000000,1.0042320419,1.9240000000,1.0080350281,1.9340000000,1.0118450861,1.9440000000,1.0156664984,1.9540000000,1.0195035066,1.9640000000,1.0233602962,1.9740000000,1.0272409816,1.9840000000,1.0311495911,1.9940000000,1.0350900525,2.0040000000,1.0390661791,2.0140000000,1.0430816555,2.0240000000,1.0471400252,2.0340000000,1.0512446768,2.0440000000,1.0553988328,2.0540000000,1.0596055372,2.0640000000,1.0638676450,2.0740000000,1.0681878119,2.0840000000,1.0725684846,2.0940000000,1.0770118918,2.1040000000,1.0815200368,2.1140000000,1.0860946898,2.1240000000,1.0907373814,2.1340000000,1.0954493976,2.1440000000,1.1002317750,2.1540000000,1.1050852965,2.1640000000,1.1100104895,2.1740000000,1.1150076232,2.1840000000,1.1200767078,2.1940000000,1.1252174948,2.2040000000,1.1304294774,2.2140000000,1.1357118928,2.2240000000,1.1410637245,2.2340000000,1.1464837064,2.2440000000,1.1519703269,2.2540000000,1.1575218348,2.2640000000,1.1631362452,2.2740000000,1.1688113469,2.2840000000,1.1745447102,2.2940000000,1.1803336960,2.3040000000,1.1861754646,2.3140000000,1.1920669866,2.3240000000,1.1980050534,2.3340000000,1.2039862891,2.3440000000,1.2100071623,2.3540000000,1.2160639990,2.3640000000,1.2221529955,2.3740000000,1.2282702328,2.3840000000,1.2344116900,2.3940000000,1.2405732591,2.4040000000,1.2467507597,2.4140000000,1.2529399540,2.4240000000,1.2591365623,2.4340000000,1.2653362780,2.4440000000,1.2715347835,2.4540000000,1.2777277654,2.4640000000,1.2839109303,2.4740000000,1.2900800201,2.4840000000,1.2962308273,2.4940000000,1.3023592102,2.5040000000,1.3084611079,2.2090000000
1983/06/30,1.9160000000,1.0030350281,1.9260000000,1.0068450861,1.9360000000,1.0106664984,1.9460000000,1.0145035066,1.9560000000,1.0183602962,1.9660000000,1.0222409816,1.9760000000,1.0261495911,1.9860000000,1.0300900525,1.9960000000,1.0340661791,2.0060000000,1.0380816555,2.0160000000,1.0421400252,2.0260000000,1.0462446768,2.0360000000,1.0503988328,2.0460000000,1.0546055372,2.0560000000,1.0588676450,2.0660000000,1.0631878119,2.0760000000,1.0675684846,2.0860000000,1.0720118918,2.0960000000,1.0765200368,2.1060000000,1.0810946898,2.1160000000,1.0857373814,2.1260000000,1.0904493976,2.1360000000,1.0952317750,2.1460000000,1.1000852965,2.1560000000,1.1050104895,2.1660000000,1.1100076232,2.1760000000,1.1150767078,2.1860000000,1.1202174948,2.1960000000,1.1254294774,2.2060000000,1.1307118928,2.2160000000,1.1360637245,2.2260000000,1.1414837064,2.2360000000,1.1469703269,2.2460000000,1.1525218348,2.2560000000,1.1581362452,2.2660000000,1.1638113469,2.2760000000,1.1695447102,2.2860000000,1.1753336960,2.2960000000,1.1811754646,2.3060000000,1.1870669866,2.3160000000,1.1930050534,2.3260000000,1.1989862891,2.3360000000,1.2050071623,2.3460000000,1.2110639990,2.3560000000,1.2171529955,2.3660000000,1.2232702328,2.3760000000,1.2294116900,2.3860000000,1.2355732591,2.3960000000,1.2417507597,2.4060000000,1.2479399540,2.4160000000,1.2541365623,2.4260000000,1.2603362780,2.4360000000,1.2665347835,2.4460000000,1.2727277654,2.4560000000,1.2789109303,2.4660000000,1.2850800201,2.4760000000,1.2912308273,2.4860000000,1.2973592102,2.4960000000,1.3034611079,2.5060000000,1.3095325548,2.2110000000
1983/09/30,1.9180000000,1.0018450861,1.9280000000,1.0056664984,1.9380000000,1.0095035066,1.9480000000,1.0133602962,1.9580000000,1.0172409816,1.9680000000,1.0211495911,1.9780000000,1.0250900525,1.9880000000,1.0290661791,1.9980000000,1.0330816555,2.0080000000,1.0371400252,2.0180000000,1.0412446768,2.0280000000,1.0453988328,2.0380000000,1.0496055372,2.0480000000,1.0538676450,2.0580000000,1.0581878119,2.0680000000,1.0625684846,2.0780000000,1.0670118918,2.0880000000,1.0715200368,2.0980000000,1.0760946898,2.1080000000,1.0807373814,2.1180000000,1.0854493976,2.1280000000,1.0902317750,2.1380000000,1.0950852965,2.1480000000,1.1000104895,2.1580000000,1.1050076232,2.1680000000,1.1100767078,2.1780000000,1.1152174948,2.1880000000,1.1204294774,2.1980000000,1.1257118928,2.2080000000,1.1310637245,2.2180000000,1.1364837064,2.2280000000,1.1419703269,2.2380000000,1.1475218348,2.2480000000,1.1531362452,2.2580000000,1.1588113469,2.2680000000,1.1645447102,2.2780000000,1.1703336960,2.2880000000,1.1761754646,2.2980000000,1.1820669866,2.3080000000,1.1880050534,2.3180000000,1.1939862891,2.3280000000,1.2000071623,2.3380000000,1.2060639990,2.3480000000,1.2121529955,2.3580000000,1.2182702328,2.3680000000,1.2244116900,2.3780000000,1.2305732591,2.3880000000,1.2367507597,2.3980000000,1.2429399540,2.4080000000,1.2491365623,2.4180000000,1.2553362780,2.4280000000,1.2615347835,2.4380000000,1.2677277654,2.4480000000,1.2739109303,2.4580000000,1.2800800201,2.4680000000,1.2862308273,2.4780000000,1.2923592102,2.4880000000,1.2984611079,2.4980000000,1.3045325548,2.5080000000,1.3105696948,2.2130000000
1983/12/31,1.9200000000,1.0006664984,1.9300000000,1.0045035066,1.9400000000,1.0083602962,1.9500000000,1.0122409816,1.9600000000,1.0161495911,1.9700000000,1.0200900525,1.9800000000,1.0240661791,1.9900000000,1.0280816555,2.0000000000,1.0321400252,2.0100000000,1.0362446768,2.0200000000,1.0403988328,2.0300000000,1.0446055372,2.0400000000,1.0488676450,2.0500000000,1.0531878119,2.0600000000,1.0575684846,2.0700000000,1.0620118918,2.0800000000,1.0665200368,2.0900000000,1.0710946898,2.1000000000,1.0757373814,2.1100000000,1.0804493976,2.1200000000,1.0852317750,2.1300000000,1.0900852965,2.1400000000,1.0950104895,2.1500000000,1.1000076232,2.1600000000,1.1050767078,2.1700000000,1.1102174948,2.1800000000,1.1154294774,2.1900000000,1.1207118928,2.2000000000,1.1260637245,2.2100000000,1.1314837064,2.2200000000,1.1369703269,2.2300000000,1.1425218348,2.2400000000,1.1481362452,2.2500000000,1.1538113469,2.2600000000,1.1595447102,2.2700000000,1.1653336960,2.2800000000,1.1711754646,2.2900000000,1.1770669866,2.3000000000,1.1830050534,2.3100000000,1.1889862891,2.3200000000,1.1950071623,2.3300000000,1.2010639990,2.3400000000,1.2071529955,2.3500000000,1.2132702328,2.3600000000,1.2194116900,2.3700000000,1.2255732591,2.3800000000,1.2317507597,2.3900000000,1.2379399540,2.4000000000,1.2441365623,2.4100000000,1.2503362780,2.4200000000,1.2565347835,2.4300000000,1.2627277654,2.4400000000,1.2689109303,2.4500000000,1.2750800201,2.4600000000,1.2812308273,2.4700000000,1.2873592102,2.4800000000,1.2934611079,2.4900000000,1.2995325548,2.5000000000,1.3055696948,2.5100000000,1.3115687953,2.2150000000
1984/03/31,1.9220000000,0.9995035066,1.9320000000,1.0033602962,1.9420000000,1.0072409816,1.9520000000,1.0111495911,1.9620000000,1.0150900525,1.9720000000,1.0190661791,1.9820000000,1.0230816555,1.9920000000,1.0271400252,2.0020000000,1.0312446768,2.0120000000,1.0353988328,2.0220000000,1.0396055372,2.0320000000,1.0438676450,2.0420000000,1.0481878119,2.0520000000,1.0525684846,2.0620000000,1.0570118918,2.0720000000,1.0615200368,2.0820000000,1.0660946898,2.0920000000,1.0707373814,2.1020000000,1.0754493976,2.1120000000,1.0802317750,2.1220000000,1.0850852965,2.1320000000,1.0900104895,2.1420000000,1.0950076232,2.1520000000,1.1000767078,2.1620000000,1.1052174948,2.1720000000,1.1104294774,2.1820000000,1.1157118928,2.1920000000,1.1210637245,2.2020000000,1.1264837064,2.2120000000,1.1319703269,2.2220000000,1.1375218348,2.2320000000,1.1431362452,2.2420000000,1.1488113469,2.2520000000,1.1545447102,2.2620000000,1.1603336960,2.2720000000,1.1661754646,2.2820000000,1.1720669866,2.2920000000,1.1780050534,2.3020000000,1.1839862891,2.3120000000,1.1900071623,2.3220000000,1.1960639990,2.3320000000,1.2021529955,2.3420000000,1.2082702328,2.3520000000,1.2144116900,2.3620000000,1.2205732591,2.3720000000,1.2267507597,2.3820000000,1.2329399540,2.3920000000,1.2391365623,2.4020000000,1.2453362780,2.4120000000,1.2515347835,2.4220000000,1.2577277654,2.4320000000,1.2639109303,2.4420000000,1.2700800201,2.4520000000,1.2762308273,2.4620000000,1.2823592102,2.4720000000,1.2884611079,2.4820000000,1.2945325548,2.4920000000,1.3005696948,2.5020000000,1.3065687953,2.5120000000,1.3125262606,2.2170000000
1984/06/30,1.9240000000,0.9983602962,1.9340000000,1.0022409816,1.9440000000,1.0061495911,1.9540000000,1.0100900525,1.9640000000,1.0140661791,1.9740000000,1.0180816555,1.9840000000,1.0221400252,1.9940000000,1.0262446768,2.0040000000,1.0303988328,2.0140000000,1.0346055372,2.0240000000,1.0388676450,2.0340000000,1.0431878119,2.0440000000,1.0475684846,2.0540000000,1.0520118918,2.0640000000,1.0565200368,2.0740000000,1.0610946898,2.0840000000,1.0657373814,2.0940000000,1.0704493976,2.1040000000,1.0752317750,2.1140000000,1.0800852965,2.1240000000,1.0850104895,2.1340000000,1.0900076232,2.1440000000,1.0950767078,2.1540000000,1.1002174948,2.1640000000,1.1054294774,2.1740000000,1.1107118928,2.1840000000,1.1160637245,2.1940000000,1.1214837064,2.2040000000,1.1269703269,2.2140000000,1.1325218348,2.2240000000,1.1381362452,2.2340000000,1.1438113469,2.2440000000,1.1495447102,2.2540000000,1.1553336960,2.2640000000,1.1611754646,2.2740000000,1.1670669866,2.2840000000,1.1730050534,2.2940000000,1.1789862891,2.3040000000,1.1850071623,2.3140000000,1.1910639990,2.3240000000,1.1971529955,2.3340000000,1.2032702328,2.3440000000,1.2094116900,2.3540000000,1.2155732591,2.3640000000,1.2217507597,2.3740000000,1.2279399540,2.3840000000,1.2341365623,2.3940000000,1.2403362780,2.4040000000,1.2465347835,2.4140000000,1.2527277654,2.4240000000,1.2589109303,2.4340000000,1.2650800201,2.4440000000,1.2712308273,2.4540000000,1.2773592102,2.4640000000,1.2834611079,2.4740000000,1.2895325548,2.4840000000,1.2955696948,2.4940000000,1.3015687953,2.5040000000,1.3075262606,2.5140000000,1.3134386449,2.2190000000
1984/09/30,1.9260000000,0.9972409816,1.9360000000,1.0011495911,1.9460000000,1.0050900525,1.9560000000,1.0090661791,1.9660000000,1.0130816555,1.9760000000,1.0171400252,1.9860000000,1.0212446768,1.9960000000,1.0253988328,2.0060000000,1.0296055372,2.0160000000,1.0338676450,2.0260000000,1.0381878119,2.0360000000,1.0425684846,2.0460000000,1.0470118918,2.0560000000,1.0515200368,2.0660000000,1.0560946898,2.0760000000,1.0607373814,2.0860000000,1.0654493976,2.0960000000,1.0702317750,2.1060000000,1.0750852965,2.1160000000,1.0800104895,2.1260000000,1.0850076232,2.1360000000,1.0900767078,2.1460000000,1.0952174948,2.1560000000,1.1004294774,2.1660000000,1.1057118928,2.1760000000,1.1110637245,2.1860000000,1.1164837064,2.1960000000,1.1219703269,2.2060000000,1.1275218348,2.2160000000,1.1331362452,2.2260000000,1.1388113469,2.2360000000,1.1445447102,2.2460000000,1.1503336960,2.2560000000,1.1561754646,2.2660000000,1.1620669866,2.2760000000,1.1680050534,2.2860000000,1.1739862891,2.2960000000,1.1800071623,2.3060000000,1.1860639990,2.3160000000,1.1921529955,2.3260000000,1.1982702328,2.3360000000,1.2044116900,2.3460000000,1.2105732591,2.3560000000,1.2167507597,2.3660000000,1.2229399540,2.3760000000,1.2291365623,2.3860000000,1.2353362780,2.3960000000,1.2415347835,2.4060000000,1.2477277654,2.4160000000,1.2539109303,2.4260000000,1.2600800201,2.4360000000,1.2662308273,2.4460000000,1.2723592102,2.4560000000,1.2784611079,2.4660000000,1.2845325548,2.4760000000,1.2905696948,2.4860000000,1.2965687953,2.4960000000,1.3025262606,2.5060000000,1.3084386449,2.5160000000,1.3143026646,2.2210000000
1984/12/31,1.9280000000,0.9961495911,1.9380000000,1.0000900525,1.9480000000,1.0040661791,1.9580000000,1.0080816555,1.9680000000,1.0121400252,1.9780000000,1.0162446768,1.9880000000,1.0203988328,1.9980000000,1.0246055372,2.0080000000,1.0288676450,2.0180000000,1.0331878119,2.0280000000,1.0375684846,2.0380000000,1.0420118918,2.0480000000,1.0465200368,2.0580000000,1.0510946898,2.0680000000,1.0557373814,2.0780000000,1.0604493976,2.0880000000,1.0652317750,2.0980000000,1.0700852965,2.1080000000,1.0750104895,2.1180000000,1.0800076232,2.1280000000,1.0850767078,2.1380000000,1.0902174948,2.1480000000,1.0954294774,2.1580000000,1.1007118928,2.1680000000,1.1060637245,2.1780000000,1.1114837064,2.1880000000,1.1169703269,2.1980000000,1.1225218348,2.2080000000,1.1281362452,2.2180000000,1.1338113469,2.2280000000,1.1395447102,2.2380000000,1.1453336960,2.2480000000,1.1511754646,2.2580000000,1.1570669866,2.2680000000,1.1630050534,2.2780000000,1.1689862891,2.2880000000,1.1750071623,2.2980000000,1.1810639990,2.3080000000,1.1871529955,2.3180000000,1.1932702328,2.3280000000,1.1994116900,2.3380000000,1.2055732591,2.3480000000,1.2117507597,2.3580000000,1.2179399540,2.3680000000,1.2241365623,2.3780000000,1.2303362780,2.3880000000,1.2365347835,2.3980000000,1.2427277654,2.4080000000,1.2489109303,2.4180000000,1.2550800201,2.4280000000,1.2612308273,2.4380000000,1.2673592102,2.4480000000,1.2734611079,2.4580000000,1.2795325548,2.4680000000,1.2855696948,2.4780000000,1.2915687953,2.4880000000,1.2975262606,2.4980000000,1.3034386449,2.5080000000,1.3093026646,2.5180000000,1.3151152102,2.2230000000
1985/03/31,1.9300000000,0.9950900525,1.9400000000,0.9990661791,1.9500000000,1.0030816555,1.9600000000,1.0071400252,1.9700000000,1.0112446768,1.9800000000,1.0153988328,1.9900000000,1.0196055372,2.0000000000,1.0238676450,2.0100000000,1.0281878119,2.0200000000,1.0325684846,2.0300000000,1.0370118918,2.0400000000,1.0415200368,2.0500000000,1.0460946898,2.0600000000,1.0507373814,2.0700000000,1.0554493976,2.0800000000,1.0602317750,2.0900000000,1.0650852965,2.1000000000,1.0700104895,2.1100000000,1.0750076232,2.1200000000,1.0800767078,2.1300000000,1.0852174948,2.1400000000,1.0904294774,2.1500000000,1.0957118928,2.1600000000,1.1010637245,2.1700000000,1.1064837064,2.1800000000,1.1119703269,2.1900000000,1.1175218348,2.2000000000,1.1231362452,2.2100000000,1.1288113469,2.2200000000,1.1345447102,2.2300000000,1.1403336960,2.2400000000,1.1461754646,2.2500000000,1.1520669866,2.2600000000,1.1580050534,2.2700000000,1.1639862891,2.2800000000,1.1700071623,2.2900000000,1.1760639990,2.3000000000,1.1821529955,2.3100000000,1.1882702328,2.3200000000,1.1944116900,2.3300000000,1.2005732591,2.3400000000,1.2067507597,2.3500000000,1.2129399540,2.3600000000,1.2191365623,2.3700000000,1.2253362780,2.3800000000,1.2315347835,2.3900000000,1.2377277654,2.4000000000,1.2439109303,2.4100000000,1.2500800201,2.4200000000,1.2562308273,2.4300000000,1.2623592102,2.4400000000,1.2684611079,2.4500000000,1.2745325548,2.4600000000,1.2805696948,2.4700000000,1.2865687953,2.4800000000,1.2925262606,2.4900000000,1.2984386449,2.5000000000,1.3043026646,2.5100000000,1.3101152102,2.5200000000,1.3158733573,2.2250000000
1985/06/30,1.9320000000,0.9940661791,1.9420000000,0.9980816555,1.9520000000,1.0021400252,1.9620000000,1.0062446768,1.9720000000,1.0103988328,1.9820000000,1.0146055372,1.9920000000,1.0188676450,2.0020000000,1.0231878119,2.0120000000,1.0275684846,2.0220000000,1.0320118918,2.0320000000,1.0365200368,2.0420000000,1.0410946898,2.0520000000,1.0457373814,2.0620000000,1.0504493976,2.0720000000,1.0552317750,2.0820000000,1.0600852965,2.0920000000,1.0650104895,2.1020000000,1.0700076232,2.1120000000,1.0750767078,2.1220000000,1.0802174948,2.1320000000,1.0854294774,2.1420000000,1.0907118928,2.1520000000,1.0960637245,2.1620000000,1.1014837064,2.1720000000,1.1069703269,2.1820000000,1.1125218348,2.1920000000,1.1181362452,2.2020000000,1.1238113469,2.2120000000,1.1295447102,2.2220000000,1.1353336960,2.2320000000,1.1411754646,2.2420000000,1.1470669866,2.2520000000,1.1530050534,2.2620000000,1.1589862891,2.2720000000,1.1650071623,2.2820000000,1.1710639990,2.2920000000,1.1771529955,2.3020000000,1.1832702328,2.3120000000,1.1894116900,2.3220000000,1.1955732591,2.3320000000,1.2017507597,2.3420000000,1.2079399540,2.3520000000,1.2141365623,2.3620000000,1.2203362780,2.3720000000,1.2265347835,2.3820000000,1.2327277654,2.3920000000,1.2389109303,2.4020000000,1.2450800201,2.4120000000,1.2512308273,2.4220000000,1.2573592102,2.4320000000,1.2634611079,2.4420000000,1.2695325548,2.4520000000,1.2755696948,2.4620000000,1.2815687953,2.4720000000,1.2875262606,2.4820000000,1.2934386449,2.4920000000,1.2993026646,2.5020000000,1.3051152102,2.5120000000,1.3108733573,2.5220000000,1.3165743774,2.2270000000
1985/09/30,1.9340000000,0.9930816555,1.9440000000,0.9971400252,1.9540000000,1.0012446768,1.9640000000,1.0053988328,1.9740000000,1.0096055372,1.9840000000,1.0138676450,1.9940000000,1.0181878119,2.0040000000,1.0225684846,2.0140000000,1.0270118918,2.0240000000,1.0315200368,2.0340000000,1.0360946898,2.0440000000,1.0407373814,2.0540000000,1.0454493976,2.0640000000,1.0502317750,2.0740000000,1.0550852965,2.0840000000,1.0600104895,2.0940000000,1.0650076232,2.1040000000,1.0700767078,2.1140000000,1.0752174948,2.1240000000,1.0804294774,2.1340000000,1.0857118928,2.1440000000,1.0910637245,2.1540000000,1.0964837064,2.1640000000,1.1019703269,2.1740000000,1.1075218348,2.1840000000,1.1131362452,2.1940000000,1.1188113469,2.2040000000,1.1245447102,2.2140000000,1.1303336960,2.2240000000,1.1361754646,2.2340000000,1.1420669866,2.2440000000,1.1480050534,2.2540000000,1.1539862891,2.2640000000,1.1600071623,2.2740000000,1.1660639990,2.2840000000,1.1721529955,2.2940000000,1.1782702328,2.3040000000,1.1844116900,2.3140000000,1.1905732591,2.3240000000,1.1967507597,2.3340000000,1.2029399540,2.3440000000,1.2091365623,2.3540000000,1.2153362780,2.3640000000,1.2215347835,2.3740000000,1.2277277654,2.3840000000,1.2339109303,2.3940000000,1.2400800201,2.4040000000,1.2462308273,2.4140000000,1.2523592102,2.4240000000,1.2584611079,2.4340000000,1.2645325548,2.4440000000,1.2705696948,2.4540000000,1.2765687953,2.4640000000,1.2825262606,2.4740000000,1.2884386449,2.4840000000,1.2943026646,2.4940000000,1.3001152102,2.5040000000,1.3058733573,2.5140000000,1.3115743774,2.5240000000,1.3172157478,2.2290000000
1985/12/31,1.9360000000,0.9921400252,1.9460000000,0.9962446768,1.9560000000,1.0003988328,1.9660000000,1.0046055372,1.9760000000,1.0088676450,1.9860000000,1.0131878119,1.9960000000,1.0175684846,2.0060000000,1.0220118918,2.0160000000,1.0265200368,2.0260000000,1.0310946898,2.0360000000,1.0357373814,2.0460000000,1.0404493976,2.0560000000,1.0452317750,2.0660000000,1.0500852965,2.0760000000,1.0550104895,2.0860000000,1.0600076232,2.0960000000,1.0650767078,2.1060000000,1.0702174948,2.1160000000,1.0754294774,2.1260000000,1.0807118928,2.1360000000,1.0860637245,2.1460000000,1.0914837064,2.1560000000,1.0969703269,2.1660000000,1.1025218348,2.1760000000,1.1081362452,2.1860000000,1.1138113469,2.1960000000,1.1195447102,2.2060000000,1.1253336960,2.2160000000,1.1311754646,2.2260000000,1.1370669866,2.2360000000,1.1430050534,2.2460000000,1.1489862891,2.2560000000,1.1550071623,2.2660000000,1.1610639990,2.2760000000,1.1671529955,2.2860000000,1.1732702328,2.2960000000,1.1794116900,2.3060000000,1.1855732591,2.3160000000,1.1917507597,2.3260000000,1.1979399540,2.3360000000,1.2041365623,2.3460000000,1.2103362780,2.3560000000,1.2165347835,2.3660000000,1.2227277654,2.3760000000,1.2289109303,2.3860000000,1.2350800201,2.3960000000,1.2412308273,2.4060000000,1.2473592102,2.4160000000,1.2534611079,2.4260000000,1.2595325548,2.4360000000,1.2655696948,2.4460000000,1.2715687953,2.4560000000,1.2775262606,2.4660000000,1.2834386449,2.4760000000,1.2893026646,2.4860000000,1.2951152102,2.4960000000,1.3008733573,2.5060000000,1.3065743774,2.5160000000,1.3122157478,2.5260000000,1.3177951600,2.2310000000
1986/03/31,1.9380000000,0.9912446768,1.9480000000,0.9953988328,1.9580000000,0.9996055372,1.9680000000,1.0038676450,1.9780000000,1.0081878119,1.9880000000,1.0125684846,1.9980000000,1.0170118918,2.0080000000,1.0215200368,2.0180000000,1.0260946898,2.0280000000,1.0307373814,2.0380000000,1.0354493976,2.0480000000,1.0402317750,2.0580000000,1.0450852965,2.0680000000,1.0500104895,2.0780000000,1.0550076232,2.0880000000,1.0600767078,2.0980000000,1.0652174948,2.1080000000,1.0704294774,2.1180000000,1.0757118928,2.1280000000,1.0810637245,2.1380000000,1.0864837064,2.1480000000,1.0919703269,2.1580000000,1.0975218348,2.1680000000,1.1031362452,2.1780000000,1.1088113469,2.1880000000,1.1145447102,2.1980000000,1.1203336960,2.2080000000,1.1261754646,2.2180000000,1.1320669866,2.2280000000,1.1380050534,2.2380000000,1.1439862891,2.2480000000,1.1500071623,2.2580000000,1.1560639990,2.2680000000,1.1621529955,2.2780000000,1.1682702328,2.2880000000,1.1744116900,2.2980000000,1.1805732591,2.3080000000,1.1867507597,2.3180000000,1.1929399540,2.3280000000,1.1991365623,2.3380000000,1.2053362780,2.3480000000,1.2115347835,2.3580000000,1.2177277654,2.3680000000,1.2239109303,2.3780000000,1.2300800201,2.3880000000,1.2362308273,2.3980000000,1.2423592102,2.4080000000,1.2484611079,2.4180000000,1.2545325548,2.4280000000,1.2605696948,2.4380000000,1.2665687953,2.4480000000,1.2725262606,2.4580000000,1.2784386449,2.4680000000,1.2843026646,2.4780000000,1.2901152102,2.4880000000,1.2958733573,2.4980000000,1.3015743774,2.5080000000,1.3072157478,2.5180000000,1.3127951600,2.5280000000,1.3183105288,2.2330000000
1986/06/30,1.9400000000,0.9903988328,1.9500000000,0.9946055372,1.9600000000,0.9988676450,1.9700000000,1.0031878119,1.9800000000,1.0075684846,1.9900000000,1.0120118918,2.0000000000,1.0165200368,2.0100000000,1.0210946898,2.0200000000,1.0257373814,2.0300000000,1.0304493976,2.0400000000,1.0352317750,2.0500000000,1.0400852965,2.0600000000,1.0450104895,2.0700000000,1.0500076232,2.0800000000,1.0550767078,2.0900000000,1.0602174948,2.1000000000,1.0654294774,2.1100000000,1.0707118928,2.1200000000,1.0760637245,2.1300000000,1.0814837064,2.1400000000,1.0869703269,2.1500000000,1.0925218348,2.1600000000,1.0981362452,2.1700000000,1.1038113469,2.1800000000,1.1095447102,2.1900000000,1.1153336960,2.2000000000,1.1211754646,2.2100000000,1.1270669866,2.2200000000,1.1330050534,2.2300000000,1.1389862891,2.2400000000,1.1450071623,2.2500000000,1.1510639990,2.2600000000,1.1571529955,2.2700000000,1.1632702328,2.2800000000,1.1694116900,2.2900000000,1.1755732591,2.3000000000,1.1817507597,2.3100000000,1.1879399540,2.3200000000,1.1941365623,2.3300000000,1.2003362780,2.3400000000,1.2065347835,2.3500000000,1.2127277654,2.3600000000,1.2189109303,2.3700000000,1.2250800201,2.3800000000,1.2312308273,2.3900000000,1.2373592102,2.4000000000,1.2434611079,2.4100000000,1.2495325548,2.4200000000,1.2555696948,2.4300000000,1.2615687953,2.4400000000,1.2675262606,2.4500000000,1.2734386449,2.4600000000,1.2793026646,2.4700000000,1.2851152102,2.4800000000,1.2908733573,2.4900000000,1.2965743774,2.5000000000,1.3022157478,2.5100000000,1.3077951600,2.5200000000,1.3133105288,2.5300000000,1.3187599995,2.2350000000
1986/09/30,1.9420000000,0.9896055372,1.9520000000,0.9938676450,1.9620000000,0.9981878119,1.9720000000,1.0025684846,1.9820000000,1.0070118918,1.9920000000,1.0115200368,2.0020000000,1.0160946898,2.0120000000,1.0207373814,2.0220000000,1.0254493976,2.0320000000,1.0302317750,2.0420000000,1.0350852965,2.0520000000,1.0400104895,2.0620000000,1.0450076232,2.0720000000,1.0500767078,2.0820000000,1.0552174948,2.0920000000,1.0604294774,2.1020000000,1.0657118928,2.1120000000,1.0710637245,2.1220000000,1.0764837064,2.1320000000,1.0819703269,2.1420000000,1.0875218348,2.1520000000,1.0931362452,2.1620000000,1.0988113469,2.1720000000,1.1045447102,2.1820000000,1.1103336960,2.1920000000,1.1161754646,2.2020000000,1.1220669866,2.2120000000,1.1280050534,2.2220000000,1.1339862891,2.2320000000,1.1400071623,2.2420000000,1.1460639990,2.2520000000,1.1521529955,2.2620000000,1.1582702328,2.2720000000,1.1644116900,2.2820000000,1.1705732591,2.2920000000,1.1767507597,2.3020000000,1.1829399540,2.3120000000,1.1891365623,2.3220000000,1.1953362780,2.3320000000,1.2015347835,2.3420000000,1.2077277654,2.3520000000,1.2139109303,2.3620000000,1.2200800201,2.3720000000,1.2262308273,2.3820000000,1.2323592102,2.3920000000,1.2384611079,2.4020000000,1.2445325548,2.4120000000,1.2505696948,2.4220000000,1.2565687953,2.4320000000,1.2625262606,2.4420000000,1.2684386449,2.4520000000,1.2743026646,2.4620000000,1.2801152102,2.4720000000,1.2858733573,2.4820000000,1.2915743774,2.4920000000,1.2972157478,2.5020000000,1.3027951600,2.5120000000,1.3083105288,2.5220000000,1.3137599995,2.5320000000,1.3191419545,2.2370000000
1986/12/31,1.9440000000,0.9888676450,1.9540000000,0.9931878119,1.9640000000,0.9975684846,1.9740000000,1.0020118918,1.9840000000,1.0065200368,1.9940000000,1.0110946898,2.0040000000,1.0157373814,2.0140000000,1.0204493976,2.0240000000,1.0252317750,2.0340000000,1.0300852965,2.0440000000,1.0350104895,2.0540000000,1.0400076232,2.0640000000,1.0450767078,2.0740000000,1.0502174948,2.0840000000,1.0554294774,2.0940000000,1.0607118928,2.1040000000,1.0660637245,2.1140000000,1.0714837064,2.1240000000,1.0769703269,2.1340000000,1.0825218348,2.1440000000,1.0881362452,2.1540000000,1.0938113469,2.1640000000,1.0995447102,2.1740000000,1.1053336960,2.1840000000,1.1111754646,2.1940000000,1.1170669866,2.2040000000,1.1230050534,2.2140000000,1.1289862891,2.2240000000,1.1350071623,2.2340000000,1.1410639990,2.2440000000,1.1471529955,2.2540000000,1.1532702328,2.2640000000,1.1594116900,2.2740000000,1.1655732591,2.2840000000,1.1717507597,2.2940000000,1.1779399540,2.3040000000,1.1841365623,2.3140000000,1.1903362780,2.3240000000,1.1965347835,2.3340000000,1.2027277654,2.3440000000,1.2089109303,2.3540000000,1.2150800201,2.3640000000,1.2212308273,2.3740000000,1.2273592102,2.3840000000,1.2334611079,2.3940000000,1.2395325548,2.4040000000,1.2455696948,2.4140000000,1.2515687953,2.4240000000,1.2575262606,2.4340000000,1.2634386449,2.4440000000,1.2693026646,2.4540000000,1.2751152102,2.4640000000,1.2808733573,2.4740000000,1.2865743774,2.4840000000,1.2922157478,2.4940000000,1.2977951600,2.5040000000,1.3033105288,2.5140000000,1.3087599995,2.5240000000,1.3141419545,2.5340000000,1.3194550191,2.2390000000
1987/03/31,1.9460000000,0.9881878119,1.9560000000,0.9925684846,1.9660000000,0.9970118918,1.9760000000,1.0015200368,1.9860000000,1.0060946898,1.9960000000,1.0107373814,2.0060000000,1.0154493976,2.0160000000,1.0202317750,2.0260000000,1.0250852965,2.0360000000,1.0300104895,2.0460000000,1.0350076232,2.0560000000,1.0400767078,2.0660000000,1.0452174948,2.0760000000,1.0504294774,2.0860000000,1.0557118928,2.0960000000,1.0610637245,2.1060000000,1.0664837064,2.1160000000,1.0719703269,2.1260000000,1.0775218348,2.1360000000,1.0831362452,2.1460000000,1.0888113469,2.1560000000,1.0945447102,2.1660000000,1.1003336960,2.1760000000,1.1061754646,2.1860000000,1.1120669866,2.1960000000,1.1180050534,2.2060000000,1.1239862891,2.2160000000,1.1300071623,2.2260000000,1.1360639990,2.2360000000,1.1421529955,2.2460000000,1.1482702328,2.2560000000,1.1544116900,2.2660000000,1.1605732591,2.2760000000,1.1667507597,2.2860000000,1.1729399540,2.2960000000,1.1791365623,2.3060000000,1.1853362780,2.3160000000,1.1915347835,2.3260000000,1.1977277654,2.3360000000,1.2039109303,2.3460000000,1.2100800201,2.3560000000,1.2162308273,2.3660000000,1.2223592102,2.3760000000,1.2284611079,2.3860000000,1.2345325548,2.3960000000,1.2405696948,2.4060000000,1.2465687953,2.4160000000,1.2525262606,2.4260000000,1.2584386449,2.4360000000,1.2643026646,2.4460000000,1.2701152102,2.4560000000,1.2758733573,2.4660000000,1.2815743774,2.4760000000,1.2872157478,2.4860000000,1.2927951600,2.4960000000,1.2983105288,2.5060000000,1.3037599995,2.5160000000,1.3091419545,2.5260000000,1.3144550191,2.5360000000,1.3196980667,2.2410000000
1987/06/30,1.9480000000,0.9875684846,1.9580000000,0.9920118918,1.9680000000,0.9965200368,1.9780000000,1.0010946898,1.9880000000,1.0057373814,1.9980000000,1.0104493976,2.0080000000,1.0152317750,2.0180000000,1.0200852965,2.0280000000,1.0250104895,2.0380000000,1.0300076232,2.0480000000,1.0350767078,2.0580000000,1.0402174948,2.0680000000,1.0454294774,2.0780000000,1.0507118928,2.0880000000,1.0560637245,2.0980000000,1.0614837064,2.1080000000,1.0669703269,2.1180000000,1.0725218348,2.1280000000,1.0781362452,2.1380000000,1.0838113469,2.1480000000,1.0895447102,2.1580000000,1.0953336960,2.1680000000,1.1011754646,2.1780000000,1.1070669866,2.1880000000,1.1130050534,2.1980000000,1.1189862891,2.2080000000,1.1250071623,2.2180000000,1.1310639990,2.2280000000,1.1371529955,2.2380000000,1.1432702328,2.2480000000,1.1494116900,2.2580000000,1.1555732591,2.2680000000,1.1617507597,2.2780000000,1.1679399540,2.2880000000,1.1741365623,2.2980000000,1.1803362780,2.3080000000,1.1865347835,2.3180000000,1.1927277654,2.3280000000,1.1989109303,2.3380000000,1.2050800201,2.3480000000,1.2112308273,2.3580000000,1.2173592102,2.3680000000,1.2234611079,2.3780000000,1.2295325548,2.3880000000,1.2355696948,2.3980000000,1.2415687953,2.4080000000,1.2475262606,2.4180000000,1.2534386449,2.4280000000,1.2593026646,2.4380000000,1.2651152102,2.4480000000,1.2708733573,2.4580000000,1.2765743774,2.4680000000,1.2822157478,2.4780000000,1.2877951600,2.4880000000,1.2933105288,2.4980000000,1.2987599995,2.5080000000,1.3041419545,2.5180000000,1.3094550191,2.5280000000,1.3146980667,2.5380000000,1.3198702225,2.2430000000
1987/09/30,1.9500000000,0.9870118918,1.9600000000,0.9915200368,1.9700000000,0.9960946898,1.9800000000,1.0007373814,1.9900000000,1.0054493976,2.0000000000,1.0102317750,2.0100000000,1.0150852965,2.0200000000,1.0200104895,2.0300000000,1.0250076232,2.0400000000,1.0300767078,2.0500000000,1.0352174948,2.0600000000,1.0404294774,2.0700000000,1.0457118928,2.0800000000,1.0510637245,2.0900000000,1.0564837064,2.1000000000,1.0619703269,2.1100000000,1.0675218348,2.1200000000,1.0731362452,2.1300000000,1.0788113469,2.1400000000,1.0845447102,2.1500000000,1.0903336960,2.1600000000,1.0961754646,2.1700000000,1.1020669866,2.1800000000,1.1080050534,2.1900000000,1.1139862891,2.2000000000,1.1200071623,2.2100000000,1.1260639990,2.2200000000,1.1321529955,2.2300000000,1.1382702328,2.2400000000,1.1444116900,2.2500000000,1.1505732591,2.2600000000,1.1567507597,2.2700000000,1.1629399540,2.2800000000,1.1691365623,2.2900000000,1.1753362780,2.3000000000,1.1815347835,2.3100000000,1.1877277654,2.3200000000,1.1939109303,2.3300000000,1.2000800201,2.3400000000,1.2062308273,2.3500000000,1.2123592102,2.3600000000,1.2184611079,2.3700000000,1.2245325548,2.3800000000,1.2305696948,2.3900000000,1.2365687953,2.4000000000,1.2425262606,2.4100000000,1.2484386449,2.4200000000,1.2543026646,2.4300000000,1.2601152102,2.4400000000,1.2658733573,2.4500000000,1.2715743774,2.4600000000,1.2772157478,2.4700000000,1.2827951600,2.4800000000,1.2883105288,2.4900000000,1.2937599995,2.5000000000,1.2991419545,2.5100000000,1.3044550191,2.5200000000,1.3096980667,2.5300000000,1.3148702225,2.5400000000,1.3199708669,2.2450000000
1987/12/31,1.9520000000,0.9865200368,1.9620000000,0.9910946898,1.9720000000,0.9957373814,1.9820000000,1.0004493976,1.9920000000,1.0052317750,2.0020000000,1.0100852965,2.0120000000,1.0150104895,2.0220000000,1.0200076232,2.0320000000,1.0250767078,2.0420000000,1.0302174948,2.0520000000,1.0354294774,2.0620000000,1.0407118928,2.0720000000,1.0460637245,2.0820000000,1.0514837064,2.0920000000,1.0569703269,2.1020000000,1.0625218348,2.1120000000,1.0681362452,2.1220000000,1.0738113469,2.1320000000,1.0795447102,2.1420000000,1.0853336960,2.1520000000,1.0911754646,2.1620000000,1.0970669866,2.1720000000,1.1030050534,2.1820000000,1.1089862891,2.1920000000,1.1150071623,2.2020000000,1.1210639990,2.2120000000,1.1271529955,2.2220000000,1.1332702328,2.2320000000,1.1394116900,2.2420000000,1.1455732591,2.2520000000,1.1517507597,2.2620000000,1.1579399540,2.2720000000,1.1641365623,2.2820000000,1.1703362780,2.2920000000,1.1765347835,2.3020000000,1.1827277654,2.3120000000,1.1889109303,2.3220000000,1.1950800201,2.3320000000,1.2012308273,2.3420000000,1.2073592102,2.3520000000,1.2134611079,2.3620000000,1.2195325548,2.3720000000,1.2255696948,2.3820000000,1.2315687953,2.3920000000,1.2375262606,2.4020000000,1.2434386449,2.4120000000,1.2493026646,2.4220000000,1.2551152102,2.4320000000,1.2608733573,2.4420000000,1.2665743774,2.4520000000,1.2722157478,2.4620000000,1.2777951600,2.4720000000,1.2833105288,2.4820000000,1.2887599995,2.4920000000,1.2941419545,2.5020000000,1.2994550191,2.5120000000,1.3046980667,2.5220000000,1.3098702225,2.5320000000,1.3149708669,2.5420000000,1.3199996378,2.2470000000
1988/03/31,1.9540000000,0.9860946898,1.9640000000,0.9907373814,1.9740000000,0.9954493976,1.9840000000,1.0002317750,1.9940000000,1.0050852965,2.0040000000,1.0100104895,2.0140000000,1.0150076232,2.0240000000,1.0200767078,2.0340000000,1.0252174948,2.0440000000,1.0304294774,2.0540000000,1.0357118928,2.0640000000,1.0410637245,2.0740000000,1.0464837064,2.0840000000,1.0519703269,2.0940000000,1.0575218348,2.1040000000,1.0631362452,2.1140000000,1.0688113469,2.1240000000,1.0745447102,2.1340000000,1.0803336960,2.1440000000,1.0861754646,2.1540000000,1.0920669866,2.1640000000,1.0980050534,2.1740000000,1.1039862891,2.1840000000,1.1100071623,2.1940000000,1.1160639990,2.2040000000,1.1221529955,2.2140000000,1.1282702328,2.2240000000,1.1344116900,2.2340000000,1.1405732591,2.2440000000,1.1467507597,2.2540000000,1.1529399540,2.2640000000,1.1591365623,2.2740000000,1.1653362780,2.2840000000,1.1715347835,2.2940000000,1.1777277654,2.3040000000,1.1839109303,2.3140000000,1.1900800201,2.3240000000,1.1962308273,2.3340000000,1.2023592102,2.3440000000,1.2084611079,2.3540000000,1.2145325548,2.3640000000,1.2205696948,2.3740000000,1.2265687953,2.3840000000,1.2325262606,2.3940000000,1.2384386449,2.4040000000,1.2443026646,2.4140000000,1.2501152102,2.4240000000,1.2558733573,2.4340000000,1.2615743774,2.4440000000,1.2672157478,2.4540000000,1.2727951600,2.4640000000,1.2783105288,2.4740000000,1.2837599995,2.4840000000,1.2891419545,2.4940000000,1.2944550191,2.5040000000,1.2996980667,2.5140000000,1.3048702225,2.5240000000,1.3099708669,2.5340000000,1.3149996378,2.5440000000,1.3199564316,2.2490000000
1988/06/30,1.9560000000,0.9857373814,1.9660000000,0.9904493976,1.9760000000,0.9952317750,1.9860000000,1.0000852965,1.9960000000,1.0050104895,2.0060000000,1.0100076232,2.0160000000,1.0150767078,2.0260000000,1.0202174948,2.0360000000,1.0254294774,2.0460000000,1.0307118928,2.0560000000,1.0360637245,2.0660000000,1.0414837064,2.0760000000,1.0469703269,2.0860000000,1.0525218348,2.0960000000,1.0581362452,2.1060000000,1.0638113469,2.1160000000,1.0695447102,2.1260000000,1.0753336960,2.1360000000,1.0811754646,2.1460000000,1.0870669866,2.1560000000,1.0930050534,2.1660000000,1.0989862891,2.1760000000,1.1050071623,2.1860000000,1.1110639990,2.1960000000,1.1171529955,2.2060000000,1.1232702328,2.2160000000,1.1294116900,2.2260000000,1.1355732591,2.2360000000,1.1417507597,2.2460000000,1.1479399540,2.2560000000,1.1541365623,2.2660000000,1.1603362780,2.2760000000,1.1665347835,2.2860000000,1.1727277654,2.2960000000,1.1789109303,2.3060000000,1.1850800201,2.3160000000,1.1912308273,2.3260000000,1.1973592102,2.3360000000,1.2034611079,2.3460000000,1.2095325548,2.3560000000,1.2155696948,2.3660000000,1.2215687953,2.3760000000,1.2275262606,2.3860000000,1.2334386449,2.3960000000,1.2393026646,2.4060000000,1.2451152102,2.4160000000,1.2508733573,2.4260000000,1.2565743774,2.4360000000,1.2622157478,2.4460000000,1.2677951600,2.4560000000,1.2733105288,2.4660000000,1.2787599995,2.4760000000,1.2841419545,2.4860000000,1.2894550191,2.4960000000,1.2946980667,2.5060000000,1.2998702225,2.5160000000,1.3049708669,2.5260000000,1.3099996378,2.5360000000,1.3149564316,2.5460000000,1.3198414038,2.2510000000
1988/09/30,1.9580000000,0.9854493976,1.9680000000,0.9902317750,1.9780000000,0.9950852965,1.9880000000,1.0000104895,1.9980000000,1.0050076232,2.0080000000,1.0100767078,2.0180000000,1.0152174948,2.0280000000,1.0204294774,2.0380000000,1.0257118928,2.0480000000,1.0310637245,2.0580000000,1.0364837064,2.0680000000,1.0419703269,2.0780000000,1.0475218348,2.0880000000,1.0531362452,2.0980000000,1.0588113469,2.1080000000,1.0645447102,2.1180000000,1.0703336960,2.1280000000,1.0761754646,2.1380000000,1.0820669866,2.1480000000,1.0880050534,2.1580000000,1.0939862891,2.1680000000,1.1000071623,2.1780000000,1.1060639990,2.1880000000,1.1121529955,2.1980000000,1.1182702328,2.2080000000,1.1244116900,2.2180000000,1.1305732591,2.2280000000,1.1367507597,2.2380000000,1.1429399540,2.2480000000,1.1491365623,2.2580000000,1.1553362780,2.2680000000,1.1615347835,2.2780000000,1.1677277654,2.2880000000,1.1739109303,2.2980000000,1.1800800201,2.3080000000,1.1862308273,2.3180000000,1.1923592102,2.3280000000,1.1984611079,2.3380000000,1.2045325548,2.3480000000,1.2105696948,2.3580000000,1.2165687953,2.3680000000,1.2225262606,2.3780000000,1.2284386449,2.3880000000,1.2343026646,2.3980000000,1.2401152102,2.4080000000,1.2458733573,2.4180000000,1.2515743774,2.4280000000,1.2572157478,2.4380000000,1.2627951600,2.4480000000,1.2683105288,2.4580000000,1.2737599995,2.4680000000,1.2791419545,2.4780000000,1.2844550191,2.4880000000,1.2896980667,2.4980000000,1.2948702225,2.5080000000,1.2999708669,2.5180000000,1.3049996378,2.5280000000,1.3099564316,2.5380000000,1.3148414038,2.5480000000,1.3196549683,2.2530000000
1988/12/31,1.9600000000,0.9852317750,1.9700000000,0.9900852965,1.9800000000,0.9950104895,1.9900000000,1.0000076232,2.0000000000,1.0050767078,2.0100000000,1.0102174948,2.0200000000,1.0154294774,2.0300000000,1.0207118928,2.0400000000,1.0260637245,2.0500000000,1.0314837064,2.0600000000,1.0369703269,2.0700000000,1.0425218348,2.0800000000,1.0481362452,2.0900000000,1.0538113469,2.1000000000,1.0595447102,2.1100000000,1.0653336960,2.1200000000,1.0711754646,2.1300000000,1.0770669866,2.1400000000,1.0830050534,2.1500000000,1.0889862891,2.1600000000,1.0950071623,2.1700000000,1.1010639990,2.1800000000,1.1071529955,2.1900000000,1.1132702328,2.2000000000,1.1194116900,2.2100000000,1.1255732591,2.2200000000,1.1317507597,2.2300000000,1.1379399540,2.2400000000,1.1441365623,2.2500000000,1.1503362780,2.2600000000,1.1565347835,2.2700000000,1.1627277654,2.2800000000,1.1689109303,2.2900000000,1.1750800201,2.3000000000,1.1812308273,2.3100000000,1.1873592102,2.3200000000,1.1934611079,2.3300000000,1.1995325548,2.3400000000,1.2055696948,2.3500000000,1.2115687953,2.3600000000,1.2175262606,2.3700000000,1.2234386449,2.3800000000,1.2293026646,2.3900000000,1.2351152102,2.4000000000,1.2408733573,2.4100000000,1.2465743774,2.4200000000,1.2522157478,2.4300000000,1.2577951600,2.4400000000,1.2633105288,2.4500000000,1.2687599995,2.4600000000,1.2741419545,2.4700000000,1.2794550191,2.4800000000,1.2846980667,2.4900000000,1.2898702225,2.5000000000,1.2949708669,2.5100000000,1.2999996378,2.5200000000,1.3049564316,2.5300000000,1.3098414038,2.5400000000,1.3146549683,2.5500000000,1.3193977962,2.2550000000
1989/03/31,1.9620000000,0.9850852965,1.9720000000,0.9900104895,1.9820000000,0.9950076232,1.9920000000,1.0000767078,2.0020000000,1.0052174948,2.0120000000,1.0104294774,2.0220000000,1.0157118928,2.0320000000,1.0210637245,2.0420000000,1.0264837064,2.0520000000,1.0319703269,2.0620000000,1.0375218348,2.0720000000,1.0431362452,2.0820000000,1.0488113469,2.0920000000,1.0545447102,2.1020000000,1.0603336960,2.1120000000,1.0661754646,2.1220000000,1.0720669866,2.1320000000,1.0780050534,2.1420000000,1.0839862891,2.1520000000,1.0900071623,2.1620000000,1.0960639990,2.1720000000,1.1021529955,2.1820000000,1.1082702328,2.1920000000,1.1144116900,2.2020000000,1.1205732591,2.2120000000,1.1267507597,2.2220000000,1.1329399540,2.2320000000,1.1391365623,2.2420000000,1.1453362780,2.2520000000,1.1515347835,2.2620000000,1.1577277654,2.2720000000,1.1639109303,2.2820000000,1.1700800201,2.2920000000,1.1762308273,2.3020000000,1.1823592102,2.3120000000,1.1884611079,2.3220000000,1.1945325548,2.3320000000,1.2005696948,2.3420000000,1.2065687953,2.3520000000,1.2125262606,2.3620000000,1.2184386449,2.3720000000,1.2243026646,2.3820000000,1.2301152102,2.3920000000,1.2358733573,2.4020000000,1.2415743774,2.4120000000,1.2472157478,2.4220000000,1.2527951600,2.4320000000,1.2583105288,2.4420000000,1.2637599995,2.4520000000,1.2691419545,2.4620000000,1.2744550191,2.4720000000,1.2796980667,2.4820000000,1.2848702225,2.4920000000,1.2899708669,2.5020000000,1.2949996378,2.5120000000,1.2999564316,2.5220000000,1.3048414038,2.5320000000,1.3096549683,2.5420000000,1.3143977962,2.5520000000,1.3190708130,2.2570000000
1989/06/30,1.9640000000,0.9850104895,1.9740000000,0.9900076232,1.9840000000,0.9950767078,1.9940000000,1.0002174948,2.0040000000,1.0054294774,2.0140000000,1.0107118928,2.0240000000,1.0160637245,2.0340000000,1.0214837064,2.0440000000,1.0269703269,2.0540000000,1.0325218348,2.0640000000,1.0381362452,2.0740000000,1.0438113469,2.0840000000,1.0495447102,2.0940000000,1.0553336960,2.1040000000,1.0611754646,2.1140000000,1.0670669866,2.1240000000,1.0730050534,2.1340000000,1.0789862891,2.1440000000,1.0850071623,2.1540000000,1.0910639990,2.1640000000,1.0971529955,2.1740000000,1.1032702328,2.1840000000,1.1094116900,2.1940000000,1.1155732591,2.2040000000,1.1217507597,2.2140000000,1.1279399540,2.2240000000,1.1341365623,2.2340000000,1.1403362780,2.2440000000,1.1465347835,2.2540000000,1.1527277654,2.2640000000,1.1589109303,2.2740000000,1.1650800201,2.2840000000,1.1712308273,2.2940000000,1.1773592102,2.3040000000,1.1834611079,2.3140000000,1.1895325548,2.3240000000,1.1955696948,2.3340000000,1.2015687953,2.3440000000,1.2075262606,2.3540000000,1.2134386449,2.3640000000,1.2193026646,2.3740000000,1.2251152102,2.3840000000,1.2308733573,2.3940000000,1.2365743774,2.4040000000,1.2422157478,2.4140000000,1.2477951600,2.4240000000,1.2533105288,2.4340000000,1.2587599995,2.4440000000,1.2641419545,2.4540000000,1.2694550191,2.4640000000,1.2746980667,2.4740000000,1.2798702225,2.4840000000,1.2849708669,2.4940000000,1.2899996378,2.5040000000,1.2949564316,2.5140000000,1.2998414038,2.5240000000,1.3046549683,2.5340000000,1.3093977962,2.5440000000,1.3140708130,2.5540000000,1.3186751954,2.2590000000
1989/09/30,1.9660000000,0.9850076232,1.9760000000,0.9900767078,1.9860000000,0.9952174948,1.9960000000,1.0004294774,2.0060000000,1.0057118928,2.0160000000,1.0110637245,2.0260000000,1.0164837064,2.0360000000,1.0219703269,2.0460000000,1.0275218348,2.0560000000,1.0331362452,2.0660000000,1.0388113469,2.0760000000,1.0445447102,2.0860000000,1.0503336960,2.0960000000,1.0561754646,2.1060000000,1.0620669866,2.1160000000,1.0680050534,2.1260000000,1.0739862891,2.1360000000,1.0800071623,2.1460000000,1.0860639990,2.1560000000,1.0921529955,2.1660000000,1.0982702328,2.1760000000,1.1044116900,2.1860000000,1.1105732591,2.1960000000,1.1167507597,2.2060000000,1.1229399540,2.2160000000,1.1291365623,2.2260000000,1.1353362780,2.2360000000,1.1415347835,2.2460000000,1.1477277654,2.2560000000,1.1539109303,2.2660000000,1.1600800201,2.2760000000,1.1662308273,2.2860000000,1.1723592102,2.2960000000,1.1784611079,2.3060000000,1.1845325548,2.3160000000,1.1905696948,2.3260000000,1.1965687953,2.3360000000,1.2025262606,2.3460000000,1.2084386449,2.3560000000,1.2143026646,2.3660000000,1.2201152102,2.3760000000,1.2258733573,2.3860000000,1.2315743774,2.3960000000,1.2372157478,2.4060000000,1.2427951600,2.4160000000,1.2483105288,2.4260000000,1.2537599995,2.4360000000,1.2591419545,2.4460000000,1.2644550191,2.4560000000,1.2696980667,2.4660000000,1.2748702225,2.4760000000,1.2799708669,2.4860000000,1.2849996378,2.4960000000,1.2899564316,2.5060000000,1.2948414038,2.5160000000,1.2996549683,2.5260000000,1.3043977962,2.5360000000,1.3090708130,2.5460000000,1.3136751954,2.5560000000,1.3182123673,2.2610000000
1989/12/31,1.9680000000,0.9850767078,1.9780000000,0.9902174948,1.9880000000,0.9954294774,1.9980000000,1.0007118928,2.0080000000,1.0060637245,2.0180000000,1.0114837064,2.0280000000,1.0169703269,2.0380000000,1.0225218348,2.0480000000,1.0281362452,2.0580000000,1.0338113469,2.0680000000,1.0395447102,2.0780000000,1.0453336960,2.0880000000,1.0511754646,2.0980000000,1.0570669866,2.1080000000,1.0630050534,2.1180000000,1.0689862891,2.1280000000,1.0750071623,2.1380000000,1.0810639990,2.1480000000,1.0871529955,2.1580000000,1.0932702328,2.1680000000,1.0994116900,2.1780000000,1.1055732591,2.1880000000,1.1117507597,2.1980000000,1.1179399540,2.2080000000,1.1241365623,2.2180000000,1.1303362780,2.2280000000,1.1365347835,2.2380000000,1.1427277654,2.2480000000,1.1489109303,2.2580000000,1.1550800201,2.2680000000,1.1612308273,2.2780000000,1.1673592102,2.2880000000,1.1734611079,2.2980000000,1.1795325548,2.3080000000,1.1855696948,2.3180000000,1.1915687953,2.3280000000,1.1975262606,2.3380000000,1.2034386449,2.3480000000,1.2093026646,2.3580000000,1.2151152102,2.3680000000,1.2208733573,2.3780000000,1.2265743774,2.3880000000,1.2322157478,2.3980000000,1.2377951600,2.4080000000,1.2433105288,2.4180000000,1.2487599995,2.4280000000,1.2541419545,2.4380000000,1.2594550191,2.4480000000,1.2646980667,2.4580000000,1.2698702225,2.4680000000,1.2749708669,2.4780000000,1.2799996378,2.4880000000,1.2849564316,2.4980000000,1.2898414038,2.5080000000,1.2946549683,2.5180000000,1.2993977962,2.5280000000,1.3040708130,2.5380000000,1.3086751954,2.5480000000,1.3132123673,2.5580000000,1.3176839944,2.2630000000
1990/03/31,1.9700000000,0.9852174948,1.9800000000,0.9904294774,1.9900000000,0.9957118928,2.0000000000,1.0010637245,2.0100000000,1.0064837064,2.0200000000,1.0119703269,2.0300000000,1.0175218348,2.0400000000,1.0231362452,2.0500000000,1.0288113469,2.0600000000,1.0345447102,2.0700000000,1.0403336960,2.0800000000,1.0461754646,2.0900000000,1.0520669866,2.1000000000,1.0580050534,2.1100000000,1.0639862891,2.1200000000,1.0700071623,2.1300000000,1.0760639990,2.1400000000,1.0821529955,2.1500000000,1.0882702328,2.1600000000,1.0944116900,2.1700000000,1.1005732591,2.1800000000,1.1067507597,2.1900000000,1.1129399540,2.2000000000,1.1191365623,2.2100000000,1.1253362780,2.2200000000,1.1315347835,2.2300000000,1.1377277654,2.2400000000,1.1439109303,2.2500000000,1.1500800201,2.2600000000,1.1562308273,2.2700000000,1.1623592102,2.2800000000,1.1684611079,2.2900000000,1.1745325548,2.3000000000,1.1805696948,2.3100000000,1.1865687953,2.3200000000,1.1925262606,2.3300000000,1.1984386449,2.3400000000,1.2043026646,2.3500000000,1.2101152102,2.3600000000,1.2158733573,2.3700000000,1.2215743774,2.3800000000,1.2272157478,2.3900000000,1.2327951600,2.4000000000,1.2383105288,2.4100000000,1.2437599995,2.4200000000,1.2491419545,2.4300000000,1.2544550191,2.4400000000,1.2596980667,2.4500000000,1.2648702225,2.4600000000,1.2699708669,2.4700000000,1.2749996378,2.4800000000,1.2799564316,2.4900000000,1.2848414038,2.5000000000,1.2896549683,2.5100000000,1.2943977962,2.5200000000,1.2990708130,2.5300000000,1.3036751954,2.5400000000,1.3082123673,2.5500000000,1.3126839944,2.5600000000,1.3170919782,2.2650000000
1990/06/30,1.9720000000,0.9854294774,1.9820000000,0.9907118928,1.9920000000,0.9960637245,2.0020000000,1.0014837064,2.0120000000,1.0069703269,2.0220000000,1.0125218348,2.0320000000,1.0181362452,2.0420000000,1.0238113469,2.0520000000,1.0295447102,2.0620000000,1.0353336960,2.0720000000,1.0411754646,2.0820000000,1.0470669866,2.0920000000,1.0530050534,2.1020000000,1.0589862891,2.1120000000,1.0650071623,2.1220000000,1.0710639990,2.1320000000,1.0771529955,2.1420000000,1.0832702328,2.1520000000,1.0894116900,2.1620000000,1.0955732591,2.1720000000,1.1017507597,2.1820000000,1.1079399540,2.1920000000,1.1141365623,2.2020000000,1.1203362780,2.2120000000,1.1265347835,2.2220000000,1.1327277654,2.2320000000,1.1389109303,2.2420000000,1.1450800201,2.2520000000,1.1512308273,2.2620000000,1.1573592102,2.2720000000,1.1634611079,2.2820000000,1.1695325548,2.2920000000,1.1755696948,2.3020000000,1.1815687953,2.3120000000,1.1875262606,2.3220000000,1.1934386449,2.3320000000,1.1993026646,2.3420000000,1.2051152102,2.3520000000,1.2108733573,2.3620000000,1.2165743774,2.3720000000,1.2222157478,2.3820000000,1.2277951600,2.3920000000,1.2333105288,2.4020000000,1.2387599995,2.4120000000,1.2441419545,2.4220000000,1.2494550191,2.4320000000,1.2546980667,2.4420000000,1.2598702225,2.4520000000,1.2649708669,2.4620000000,1.2699996378,2.4720000000,1.2749564316,2.4820000000,1.2798414038,2.4920000000,1.2846549683,2.5020000000,1.2893977962,2.5120000000,1.2940708130,2.5220000000,1.2986751954,2.5320000000,1.3032123673,2.5420000000,1.3076839944,2.5520000000,1.3120919782,2.5620000000,1.3164384493,2.2670000000
1990/09/30,1.9740000000,0.9857118928,1.9840000000,0.9910637245,1.9940000000,0.9964837064,2.0040000000,1.0019703269,2.0140000000,1.0075218348,2.0240000000,1.0131362452,2.0340000000,1.0188113469,2.0440000000,1.0245447102,2.0540000000,1.0303336960,2.0640000000,1.0361754646,2.0740000000,1.0420669866,2.0840000000,1.0480050534,2.0940000000,1.0539862891,2.1040000000,1.0600071623,2.1140000000,1.0660639990,2.1240000000,1.0721529955,2.1340000000,1.0782702328,2.1440000000,1.0844116900,2.1540000000,1.0905732591,2.1640000000,1.0967507597,2.1740000000,1.1029399540,2.1840000000,1.1091365623,2.1940000000,1.1153362780,2.2040000000,1.1215347835,2.2140000000,1.1277277654,2.2240000000,1.1339109303,2.2340000000,1.1400800201,2.2440000000,1.1462308273,2.2540000000,1.1523592102,2.2640000000,1.1584611079,2.2740000000,1.1645325548,2.2840000000,1.1705696948,2.2940000000,1.1765687953,2.3040000000,1.1825262606,2.3140000000,1.1884386449,2.3240000000,1.1943026646,2.3340000000,1.2001152102,2.3440000000,1.2058733573,2.3540000000,1.2115743774,2.3640000000,1.2172157478,2.3740000000,1.2227951600,2.3840000000,1.2283105288,2.3940000000,1.2337599995,2.4040000000,1.2391419545,2.4140000000,1.2444550191,2.4240000000,1.2496980667,2.4340000000,1.2548702225,2.4440000000,1.2599708669,2.4540000000,1.2649996378,2.4640000000,1.2699564316,2.4740000000,1.2748414038,2.4840000000,1.2796549683,2.4940000000,1.2843977962,2.5040000000,1.2890708130,2.5140000000,1.2936751954,2.5240000000,1.2982123673,2.5340000000,1.3026839944,2.5440000000,1.3070919782,2.5540000000,1.3114384493,2.5640000000,1.3157257597,2.2690000000
1990/12/31,1.9760000000,0.9860637245,1.9860000000,0.9914837064,1.9960000000,0.9969703269,2.0060000000,1.0025218348,2.0160000000,1.0081362452,2.0260000000,1.0138113469,2.0360000000,1.0195447102,2.0460000000,1.0253336960,2.0560000000,1.0311754646,2.0660000000,1.0370669866,2.0760000000,1.0430050534,2.0860000000,1.0489862891,2.0960000000,1.0550071623,2.1060000000,1.0610639990,2.1160000000,1.0671529955,2.1260000000,1.0732702328,2.1360000000,1.0794116900,2.1460000000,1.0855732591,2.1560000000,1.0917507597,2.1660000000,1.0979399540,2.1760000000,1.1041365623,2.1860000000,1.1103362780,2.1960000000,1.1165347835,2.2060000000,1.1227277654,2.2160000000,1.1289109303,2.2260000000,1.1350800201,2.2360000000,1.1412308273,2.2460000000,1.1473592102,2.2560000000,1.1534611079,2.2660000000,1.1595325548,2.2760000000,1.1655696948,2.2860000000,1.1715687953,2.2960000000,1.1775262606,2.3060000000,1.1834386449,2.3160000000,1.1893026646,2.3260000000,1.1951152102,2.3360000000,1.2008733573,2.3460000000,1.2065743774,2.3560000000,1.2122157478,2.3660000000,1.2177951600,2.3760000000,1.2233105288,2.3860000000,1.2287599995,2.3960000000,1.2341419545,2.4060000000,1.2394550191,2.4160000000,1.2446980667,2.4260000000,1.2498702225,2.4360000000,1.2549708669,2.4460000000,1.2599996378,2.4560000000,1.2649564316,2.4660000000,1.2698414038,2.4760000000,1.2746549683,2.4860000000,1.2793977962,2.4960000000,1.2840708130,2.5060000000,1.2886751954,2.5160000000,1.2932123673,2.5260000000,1.2976839944,2.5360000000,1.3020919782,2.5460000000,1.3064384493,2.5560000000,1.3107257597,2.5660000000,1.3149564744,2.2710000000
1991/03/31,1.9780000000,0.9864837064,1.9880000000,0.9919703269,1.9980000000,0.9975218348,2.0080000000,1.0031362452,2.0180000000,1.0088113469,2.0280000000,1.0145447102,2.0380000000,1.0203336960,2.0480000000,1.0261754646,2.0580000000,1.0320669866,2.0680000000,1.0380050534,2.0780000000,1.0439862891,2.0880000000,1.0500071623,2.0980000000,1.0560639990,2.1080000000,1.0621529955,2.1180000000,1.0682702328,2.1280000000,1.0744116900,2.1380000000,1.0805732591,2.1480000000,1.0867507597,2.1580000000,1.0929399540,2.1680000000,1.0991365623,2.1780000000,1.1053362780,2.1880000000,1.1115347835,2.1980000000,1.1177277654,2.2080000000,1.1239109303,2.2180000000,1.1300800201,2.2280000000,1.1362308273,2.2380000000,1.1423592102,2.2480000000,1.1484611079,2.2580000000,1.1545325548,2.2680000000,1.1605696948,2.2780000000,1.1665687953,2.2880000000,1.1725262606,2.2980000000,1.1784386449,2.3080000000,1.1843026646,2.3180000000,1.1901152102,2.3280000000,1.1958733573,2.3380000000,1.2015743774,2.3480000000,1.2072157478,2.3580000000,1.2127951600,2.3680000000,1.2183105288,2.3780000000,1.2237599995,2.3880000000,1.2291419545,2.3980000000,1.2344550191,2.4080000000,1.2396980667,2.4180000000,1.2448702225,2.4280000000,1.2499708669,2.4380000000,1.2549996378,2.4480000000,1.2599564316,2.4580000000,1.2648414038,2.4680000000,1.2696549683,2.4780000000,1.2743977962,2.4880000000,1.2790708130,2.4980000000,1.2836751954,2.5080000000,1.2882123673,2.5180000000,1.2926839944,2.5280000000,1.2970919782,2.5380000000,1.3014384493,2.5480000000,1.3057257597,2.5580000000,1.3099564744,2.5680000000,1.3141333619,2.2730000000
1991/06/30,1.9800000000,0.9869703269,1.9900000000,0.9925218348,2.0000000000,0.9981362452,2.0100000000,1.0038113469,2.0200000000,1.0095447102,2.0300000000,1.0153336960,2.0400000000,1.0211754646,2.0500000000,1.0270669866,2.0600000000,1.0330050534,2.0700000000,1.0389862891,2.0800000000,1.0450071623,2.0900000000,1.0510639990,2.1000000000,1.0571529955,2.1100000000,1.0632702328,2.1200000000,1.0694116900,2.1300000000,1.0755732591,2.1400000000,1.0817507597,2.1500000000,1.0879399540,2.1600000000,1.0941365623,2.1700000000,1.1003362780,2.1800000000,1.1065347835,2.1900000000,1.1127277654,2.2000000000,1.1189109303,2.2100000000,1.1250800201,2.2200000000,1.1312308273,2.2300000000,1.1373592102,2.2400000000,1.1434611079,2.2500000000,1.1495325548,2.2600000000,1.1555696948,2.2700000000,1.1615687953,2.2800000000,1.1675262606,2.2900000000,1.1734386449,2.3000000000,1.1793026646,2.3100000000,1.1851152102,2.3200000000,1.1908733573,2.3300000000,1.1965743774,2.3400000000,1.2022157478,2.3500000000,1.2077951600,2.3600000000,1.2133105288,2.3700000000,1.2187599995,2.3800000000,1.2241419545,2.3900000000,1.2294550191,2.4000000000,1.2346980667,2.4100000000,1.2398702225,2.4200000000,1.2449708669,2.4300000000,1.2499996378,2.4400000000,1.2549564316,2.4500000000,1.2598414038,2.4600000000,1.2646549683,2.4700000000,1.2693977962,2.4800000000,1.2740708130,2.4900000000,1.2786751954,2.5000000000,1.2832123673,2.5100000000,1.2876839944,2.5200000000,1.2920919782,2.5300000000,1.2964384493,2.5400000000,1.3007257597,2.5500000000,1.3049564744,2.5600000000,1.3091333619,2.5700000000,1.3132593846,2.2750000000
1991/09/30,1.9820000000,0.9875218348,1.9920000000,0.9931362452,2.0020000000,0.9988113469,2.0120000000,1.0045447102,2.0220000000,1.0103336960,2.0320000000,1.0161754646,2.0420000000,1.0220669866,2.0520000000,1.0280050534,2.0620000000,1.0339862891,2.0720000000,1.0400071623,2.0820000000,1.0460639990,2.0920000000,1.0521529955,2.1020000000,1.0582702328,2.1120000000,1.0644116900,2.1220000000,1.0705732591,2.1320000000,1.0767507597,2.1420000000,1.0829399540,2.1520000000,1.0891365623,2.1620000000,1.0953362780,2.1720000000,1.1015347835,2.1820000000,1.1077277654,2.1920000000,1.1139109303,2.2020000000,1.1200800201,2.2120000000,1.1262308273,2.2220000000,1.1323592102,2.2320000000,1.1384611079,2.2420000000,1.1445325548,2.2520000000,1.1505696948,2.2620000000,1.1565687953,2.2720000000,1.1625262606,2.2820000000,1.1684386449,2.2920000000,1.1743026646,2.3020000000,1.1801152102,2.3120000000,1.1858733573,2.3220000000,1.1915743774,2.3320000000,1.1972157478,2.3420000000,1.2027951600,2.3520000000,1.2083105288,2.3620000000,1.2137599995,2.3720000000,1.2191419545,2.3820000000,1.2244550191,2.3920000000,1.2296980667,2.4020000000,1.2348702225,2.4120000000,1.2399708669,2.4220000000,1.2449996378,2.4320000000,1.2499564316,2.4420000000,1.2548414038,2.4520000000,1.2596549683,2.4620000000,1.2643977962,2.4720000000,1.2690708130,2.4820000000,1.2736751954,2.4920000000,1.2782123673,2.5020000000,1.2826839944,2.5120000000,1.2870919782,2.5220000000,1.2914384493,2.5320000000,1.2957257597,2.5420000000,1.2999564744,2.5520000000,1.3041333619,2.5620000000,1.3082593846,2.5720000000,1.3123376878,2.2770000000
1991/12/31,1.9840000000,0.9881362452,1.9940000000,0.9938113469,2.0040000000,0.9995447102,2.0140000000,1.0053336960,2.0240000000,1.0111754646,2.0340000000,1.0170669866,2.0440000000,1.0230050534,2.0540000000,1.0289862891,2.0640000000,1.0350071623,2.0740000000,1.0410639990,2.0840000000,1.0471529955,2.0940000000,1.0532702328,2.1040000000,1.0594116900,2.1140000000,1.0655732591,2.1240000000,1.0717507597,2.1340000000,1.0779399540,2.1440000000,1.0841365623,2.1540000000,1.0903362780,2.1640000000,1.0965347835,2.1740000000,1.1027277654,2.1840000000,1.1089109303,2.1940000000,1.1150800201,2.2040000000,1.1212308273,2.2140000000,1.1273592102,2.2240000000,1.1334611079,2.2340000000,1.1395325548,2.2440000000,1.1455696948,2.2540000000,1.1515687953,2.2640000000,1.1575262606,2.2740000000,1.1634386449,2.2840000000,1.1693026646,2.2940000000,1.1751152102,2.3040000000,1.1808733573,2.3140000000,1.1865743774,2.3240000000,1.1922157478,2.3340000000,1.1977951600,2.3440000000,1.2033105288,2.3540000000,1.2087599995,2.3640000000,1.2141419545,2.3740000000,1.2194550191,2.3840000000,1.2246980667,2.3940000000,1.2298702225,2.4040000000,1.2349708669,2.4140000000,1.2399996378,2.4240000000,1.2449564316,2.4340000000,1.2498414038,2.4440000000,1.2546549683,2.4540000000,1.2593977962,2.4640000000,1.2640708130,2.4740000000,1.2686751954,2.4840000000,1.2732123673,2.4940000000,1.2776839944,2.5040000000,1.2820919782,2.5140000000,1.2864384493,2.5240000000,1.2907257597,2.5340000000,1.2949564744,2.5440000000,1.2991333619,2.5540000000,1.3032593846,2.5640000000,1.3073376878,2.5740000000,1.3113715887,2.2790000000
1992/03/31,1.9860000000,0.9888113469,1.9960000000,0.9945447102,2.0060000000,1.0003336960,2.0160000000,1.0061754646,2.0260000000,1.0120669866,2.0360000000,1.0180050534,2.0460000000,1.0239862891,2.0560000000,1.0300071623,2.0660000000,1.0360639990,2.0760000000,1.0421529955,2.0860000000,1.0482702328,2.0960000000,1.0544116900,2.1060000000,1.0605732591,2.1160000000,1.0667507597,2.1260000000,1.0729399540,2.1360000000,1.0791365623,2.1460000000,1.0853362780,2.1560000000,1.0915347835,2.1660000000,1.0977277654,2.1760000000,1.1039109303,2.1860000000,1.1100800201,2.1960000000,1.1162308273,2.2060000000,1.1223592102,2.2160000000,1.1284611079,2.2260000000,1.1345325548,2.2360000000,1.1405696948,2.2460000000,1.1465687953,2.2560000000,1.1525262606,2.2660000000,1.1584386449,2.2760000000,1.1643026646,2.2860000000,1.1701152102,2.2960000000,1.1758733573,2.3060000000,1.1815743774,2.3160000000,1.1872157478,2.3260000000,1.1927951600,2.3360000000,1.1983105288,2.3460000000,1.2037599995,2.3560000000,1.2091419545,2.3660000000,1.2144550191,2.3760000000,1.2196980667,2.3860000000,1.2248702225,2.3960000000,1.2299708669,2.4060000000,1.2349996378,2.4160000000,1.2399564316,2.4260000000,1.2448414038,2.4360000000,1.2496549683,2.4460000000,1.2543977962,2.4560000000,1.2590708130,2.4660000000,1.2636751954,2.4760000000,1.2682123673,2.4860000000,1.2726839944,2.4960000000,1.2770919782,2.5060000000,1.2814384493,2.5160000000,1.2857257597,2.5260000000,1.2899564744,2.5360000000,1.2941333619,2.5460000000,1.2982593846,2.5560000000,1.3023376878,2.5660000000,1.3063715887,2.5760000000,1.3103645641,2.2810000000
1992/06/30,1.9880000000,0.9895447102,1.9980000000,0.9953336960,2.0080000000,1.0011754646,2.0180000000,1.0070669866,2.0280000000,1.0130050534,2.0380000000,1.0189862891,2.0480000000,1.0250071623,2.0580000000,1.0310639990,2.0680000000,1.0371529955,2.0780000000,1.0432702328,2.0880000000,1.0494116900,2.0980000000,1.0555732591,2.1080000000,1.0617507597,2.1180000000,1.0679399540,2.1280000000,1.0741365623,2.1380000000,1.0803362780,2.1480000000,1.0865347835,2.1580000000,1.0927277654,2.1680000000,1.0989109303,2.1780000000,1.1050800201,2.1880000000,1.1112308273,2.1980000000,1.1173592102,2.2080000000,1.1234611079,2.2180000000,1.1295325548,2.2280000000,1.1355696948,2.2380000000,1.1415687953,2.2480000000,1.1475262606,2.2580000000,1.1534386449,2.2680000000,1.1593026646,2.2780000000,1.1651152102,2.2880000000,1.1708733573,2.2980000000,1.1765743774,2.3080000000,1.1822157478,2.3180000000,1.1877951600,2.3280000000,1.1933105288,2.3380000000,1.1987599995,2.3480000000,1.2041419545,2.3580000000,1.2094550191,2.3680000000,1.2146980667,2.3780000000,1.2198702225,2.3880000000,1.2249708669,2.3980000000,1.2299996378,2.4080000000,1.2349564316,2.4180000000,1.2398414038,2.4280000000,1.2446549683,2.4380000000,1.2493977962,2.4480000000,1.2540708130,2.4580000000,1.2586751954,2.4680000000,1.2632123673,2.4780000000,1.2676839944,2.4880000000,1.2720919782,2.4980000000,1.2764384493,2.5080000000,1.2807257597,2.5180000000,1.2849564744,2.5280000000,1.2891333619,2.5380000000,1.2932593846,2.5480000000,1.2973376878,2.5580000000,1.3013715887,2.5680000000,1.3053645641,2.5780000000,1.3093202383,2.2830000000
1992/09/30,1.9900000000,0.9903336960,2.0000000000,0.9961754646,2.0100000000,1.0020669866,2.0200000000,1.0080050534,2.0300000000,1.0139862891,2.0400000000,1.0200071623,2.0500000000,1.0260639990,2.0600000000,1.0321529955,2.0700000000,1.0382702328,2.0800000000,1.0444116900,2.0900000000,1.0505732591,2.1000000000,1.0567507597,2.1100000000,1.0629399540,2.1200000000,1.0691365623,2.1300000000,1.0753362780,2.1400000000,1.0815347835,2.1500000000,1.0877277654,2.1600000000,1.0939109303,2.1700000000,1.1000800201,2.1800000000,1.1062308273,2.1900000000,1.1123592102,2.2000000000,1.1184611079,2.2100000000,1.1245325548,2.2200000000,1.1305696948,2.2300000000,1.1365687953,2.2400000000,1.1425262606,2.2500000000,1.1484386449,2.2600000000,1.1543026646,2.2700000000,1.1601152102,2.2800000000,1.1658733573,2.2900000000,1.1715743774,2.3000000000,1.1772157478,2.3100000000,1.1827951600,2.3200000000,1.1883105288,2.3300000000,1.1937599995,2.3400000000,1.1991419545,2.3500000000,1.2044550191,2.3600000000,1.2096980667,2.3700000000,1.2148702225,2.3800000000,1.2199708669,2.3900000000,1.2249996378,2.4000000000,1.2299564316,2.4100000000,1.2348414038,2.4200000000,1.2396549683,2.4300000000,1.2443977962,2.4400000000,1.2490708130,2.4500000000,1.2536751954,2.4600000000,1.2582123673,2.4700000000,1.2626839944,2.4800000000,1.2670919782,2.4900000000,1.2714384493,2.5000000000,1.2757257597,2.5100000000,1.2799564744,2.5200000000,1.2841333619,2.5300000000,1.2882593846,2.5400000000,1.2923376878,2.5500000000,1.2963715887,2.5600000000,1.3003645641,2.5700000000,1.3043202383,2.5800000000,1.3082423697,2.2850000000
1992/12/31,1.9920000000,0.9911754646,2.0020000000,0.9970669866,2.0120000000,1.0030050534,2.0220000000,1.0089862891,2.0320000000,1.0150071623,2.0420000000,1.0210639990,2.0520000000,1.0271529955,2.0620000000,1.0332702328,2.0720000000,1.0394116900,2.0820000000,1.0455732591,2.0920000000,1.0517507597,2.1020000000,1.0579399540,2.1120000000,1.0641365623,2.1220000000,1.0703362780,2.1320000000,1.0765347835,2.1420000000,1.0827277654,2.1520000000,1.0889109303,2.1620000000,1.0950800201,2.1720000000,1.1012308273,2.1820000000,1.1073592102,2.1920000000,1.1134611079,2.2020000000,1.1195325548,2.2120000000,1.1255696948,2.2220000000,1.1315687953,2.2320000000,1.1375262606,2.2420000000,1.1434386449,2.2520000000,1.1493026646,2.2620000000,1.1551152102,2.2720000000,1.1608733573,2.2820000000,1.1665743774,2.2920000000,1.1722157478,2.3020000000,1.1777951600,2.3120000000,1.1833105288,2.3220000000,1.1887599995,2.3320000000,1.1941419545,2.3420000000,1.1994550191,2.3520000000,1.2046980667,2.3620000000,1.2098702225,2.3720000000,1.2149708669,2.3820000000,1.2199996378,2.3920000000,1.2249564316,2.4020000000,1.2298414038,2.4120000000,1.2346549683,2.4220000000,1.2393977962,2.4320000000,1.2440708130,2.4420000000,1.2486751954,2.4520000000,1.2532123673,2.4620000000,1.2576839944,2.4720000000,1.2620919782,2.4820000000,1.2664384493,2.4920000000,1.2707257597,2.5020000000,1.2749564744,2.5120000000,1.2791333619,2.5220000000,1.2832593846,2.5320000000,1.2873376878,2.5420000000,1.2913715887,2.5520000000,1.2953645641,2.5620000000,1.2993202383,2.5720000000,1.3032423697,2.5820000000,1.3071348375,2.2870000000
1993/03/31,1.9940000000,0.9920669866,2.0040000000,0.9980050534,2.0140000000,1.0039862891,2.0240000000,1.0100071623,2.0340000000,1.0160639990,2.0440000000,1.0221529955,2.0540000000,1.0282702328,2.0640000000,1.0344116900,2.0740000000,1.0405732591,2.0840000000,1.0467507597,2.0940000000,1.0529399540,2.1040000000,1.0591365623,2.1140000000,1.0653362780,2.1240000000,1.0715347835,2.1340000000,1.0777277654,2.1440000000,1.0839109303,2.1540000000,1.0900800201,2.1640000000,1.0962308273,2.1740000000,1.1023592102,2.1840000000,1.1084611079,2.1940000000,1.1145325548,2.2040000000,1.1205696948,2.2140000000,1.1265687953,2.2240000000,1.1325262606,2.2340000000,1.1384386449,2.2440000000,1.1443026646,2.2540000000,1.1501152102,2.2640000000,1.1558733573,2.2740000000,1.1615743774,2.2840000000,1.1672157478,2.2940000000,1.1727951600,2.3040000000,1.1783105288,2.3140000000,1.1837599995,2.3240000000,1.1891419545,2.3340000000,1.1944550191,2.3440000000,1.1996980667,2.3540000000,1.2048702225,2.3640000000,1.2099708669,2.3740000000,1.2149996378,2.3840000000,1.2199564316,2.3940000000,1.2248414038,2.4040000000,1.2296549683,2.4140000000,1.2343977962,2.4240000000,1.2390708130,2.4340000000,1.2436751954,2.4440000000,1.2482123673,2.4540000000,1.2526839944,2.4640000000,1.2570919782,2.4740000000,1.2614384493,2.4840000000,1.2657257597,2.4940000000,1.2699564744,2.5040000000,1.2741333619,2.5140000000,1.2782593846,2.5240000000,1.2823376878,2.5340000000,1.2863715887,2.5440000000,1.2903645641,2.5540000000,1.2943202383,2.5640000000,1.2982423697,2.5740000000,1.3021348375,2.5840000000,1.3060016275,2.2890000000
1993/06/30,1.9960000000,0.9930050534,2.0060000000,0.9989862891,2.0160000000,1.0050071623,2.0260000000,1.0110639990,2.0360000000,1.0171529955,2.0460000000,1.0232702328,2.0560000000,1.0294116900,2.0660000000,1.0355732591,2.0760000000,1.0417507597,2.0860000000,1.0479399540,2.0960000000,1.0541365623,2.1060000000,1.0603362780,2.1160000000,1.0665347835,2.1260000000,1.0727277654,2.1360000000,1.0789109303,2.1460000000,1.0850800201,2.1560000000,1.0912308273,2.1660000000,1.0973592102,2.1760000000,1.1034611079,2.1860000000,1.1095325548,2.1960000000,1.1155696948,2.2060000000,1.1215687953,2.2160000000,1.1275262606,2.2260000000,1.1334386449,2.2360000000,1.1393026646,2.2460000000,1.1451152102,2.2560000000,1.1508733573,2.2660000000,1.1565743774,2.2760000000,1.1622157478,2.2860000000,1.1677951600,2.2960000000,1.1733105288,2.3060000000,1.1787599995,2.3160000000,1.1841419545,2.3260000000,1.1894550191,2.3360000000,1.1946980667,2.3460000000,1.1998702225,2.3560000000,1.2049708669,2.3660000000,1.2099996378,2.3760000000,1.2149564316,2.3860000000,1.2198414038,2.3960000000,1.2246549683,2.4060000000,1.2293977962,2.4160000000,1.2340708130,2.4260000000,1.2386751954,2.4360000000,1.2432123673,2.4460000000,1.2476839944,2.4560000000,1.2520919782,2.4660000000,1.2564384493,2.4760000000,1.2607257597,2.4860000000,1.2649564744,2.4960000000,1.2691333619,2.5060000000,1.2732593846,2.5160000000,1.2773376878,2.5260000000,1.2813715887,2.5360000000,1.2853645641,2.5460000000,1.2893202383,2.5560000000,1.2932423697,2.5660000000,1.2971348375,2.5760000000,1.3010016275,2.5860000000,1.3048468182,2.2910000000
1993/09/30,1.9980000000,0.9939862891,2.0080000000,1.0000071623,2.0180000000,1.0060639990,2.0280000000,1.0121529955,2.0380000000,1.0182702328,2.0480000000,1.0244116900,2.0580000000,1.0305732591,2.0680000000,1.0367507597,2.0780000000,1.0429399540,2.0880000000,1.0491365623,2.0980000000,1.0553362780,2.1080000000,1.0615347835,2.1180000000,1.0677277654,2.1280000000,1.0739109303,2.1380000000,1.0800800201,2.1480000000,1.0862308273,2.1580000000,1.0923592102,2.1680000000,1.0984611079,2.1780000000,1.1045325548,2.1880000000,1.1105696948,2.1980000000,1.1165687953,2.2080000000,1.1225262606,2.2180000000,1.1284386449,2.2280000000,1.1343026646,2.2380000000,1.1401152102,2.2480000000,1.1458733573,2.2580000000,1.1515743774,2.2680000000,1.1572157478,2.2780000000,1.1627951600,2.2880000000,1.1683105288,2.2980000000,1.1737599995,2.3080000000,1.1791419545,2.3180000000,1.1844550191,2.3280000000,1.1896980667,2.3380000000,1.1948702225,2.3480000000,1.1999708669,2.3580000000,1.2049996378,2.3680000000,1.2099564316,2.3780000000,1.2148414038,2.3880000000,1.2196549683,2.3980000000,1.2243977962,2.4080000000,1.2290708130,2.4180000000,1.2336751954,2.4280000000,1.2382123673,2.4380000000,1.2426839944,2.4480000000,1.2470919782,2.4580000000,1.2514384493,2.4680000000,1.2557257597,2.4780000000,1.2599564744,2.4880000000,1.2641333619,2.4980000000,1.2682593846,2.5080000000,1.2723376878,2.5180000000,1.2763715887,2.5280000000,1.2803645641,2.5380000000,1.2843202383,2.5480000000,1.2882423697,2.5580000000,1.2921348375,2.5680000000,1.2960016275,2.5780000000,1.2998468182,2.5880000000,1.3036745656,2.2930000000
1993/12/31,2.0000000000,0.9950071623,2.0100000000,1.0010639990,2.0200000000,1.0071529955,2.0300000000,1.0132702328,2.0400000000,1.0194116900,2.0500000000,1.0255732591,2.0600000000,1.0317507597,2.0700000000,1.0379399540,2.0800000000,1.0441365623,2.0900000000,1.0503362780,2.1000000000,1.0565347835,2.1100000000,1.0627277654,2.1200000000,1.0689109303,2.1300000000,1.0750800201,2.1400000000,1.0812308273,2.1500000000,1.0873592102,2.1600000000,1.0934611079,2.1700000000,1.0995325548,2.1800000000,1.1055696948,2.1900000000,1.1115687953,2.2000000000,1.1175262606,2.2100000000,1.1234386449,2.2200000000,1.1293026646,2.2300000000,1.1351152102,2.2400000000,1.1408733573,2.2500000000,1.1465743774,2.2600000000,1.1522157478,2.2700000000,1.1577951600,2.2800000000,1.1633105288,2.2900000000,1.1687599995,2.3000000000,1.1741419545,2.3100000000,1.1794550191,2.3200000000,1.1846980667,2.3300000000,1.1898702225,2.3400000000,1.1949708669,2.3500000000,1.1999996378,2.3600000000,1.2049564316,2.3700000000,1.2098414038,2.3800000000,1.2146549683,2.3900000000,1.2193977962,2.4000000000,1.2240708130,2.4100000000,1.2286751954,2.4200000000,1.2332123673,2.4300000000,1.2376839944,2.4400000000,1.2420919782,2.4500000000,1.2464384493,2.4600000000,1.2507257597,2.4700000000,1.2549564744,2.4800000000,1.2591333619,2.4900000000,1.2632593846,2.5000000000,1.2673376878,2.5100000000,1.2713715887,2.5200000000,1.2753645641,2.5300000000,1.2793202383,2.5400000000,1.2832423697,2.5500000000,1.2871348375,2.5600000000,1.2910016275,2.5700000000,1.2948468182,2.5800000000,1.2986745656,2.5900000000,1.3024890885,2.2950000000
1994/03/31,2.0020000000,0.9960639990,2.0120000000,1.0021529955,2.0220000000,1.0082702328,2.0320000000,1.0144116900,2.0420000000,1.0205732591,2.0520000000,1.0267507597,2.0620000000,1.0329399540,2.0720000000,1.0391365623,2.0820000000,1.0453362780,2.0920000000,1.0515347835,2.1020000000,1.0577277654,2.1120000000,1.0639109303,2.1220000000,1.0700800201,2.1320000000,1.0762308273,2.1420000000,1.0823592102,2.1520000000,1.0884611079,2.1620000000,1.0945325548,2.1720000000,1.1005696948,2.1820000000,1.1065687953,2.1920000000,1.1125262606,2.2020000000,1.1184386449,2.2120000000,1.1243026646,2.2220000000,1.1301152102,2.2320000000,1.1358733573,2.2420000000,1.1415743774,2.2520000000,1.1472157478,2.2620000000,1.1527951600,2.2720000000,1.1583105288,2.2820000000,1.1637599995,2.2920000000,1.1691419545,2.3020000000,1.1744550191,2.3120000000,1.1796980667,2.3220000000,1.1848702225,2.3320000000,1.1899708669,2.3420000000,1.1949996378,2.3520000000,1.1999564316,2.3620000000,1.2048414038,2.3720000000,1.2096549683,2.3820000000,1.2143977962,2.3920000000,1.2190708130,2.4020000000,1.2236751954,2.4120000000,1.2282123673,2.4220000000,1.2326839944,2.4320000000,1.2370919782,2.4420000000,1.2414384493,2.4520000000,1.2457257597,2.4620000000,1.2499564744,2.4720000000,1.2541333619,2.4820000000,1.2582593846,2.4920000000,1.2623376878,2.5020000000,1.2663715887,2.5120000000,1.2703645641,2.5220000000,1.2743202383,2.5320000000,1.2782423697,2.5420000000,1.2821348375,2.5520000000,1.2860016275,2.5620000000,1.2898468182,2.5720000000,1.2936745656,2.5820000000,1.2974890885,2.5920000000,1.3012946533,2.2970000000
1994/06/30,2.0040000000,0.9971529955,2.0140000000,1.0032702328,2.0240000000,1.0094116900,2.0340000000,1.0155732591,2.0440000000,1.0217507597,2.0540000000,1.0279399540,2.0640000000,1.0341365623,2.0740000000,1.0403362780,2.0840000000,1.0465347835,2.0940000000,1.0527277654,2.1040000000,1.0589109303,2.1140000000,1.0650800201,2.1240000000,1.0712308273,2.1340000000,1.0773592102,2.1440000000,1.0834611079,2.1540000000,1.0895325548,2.1640000000,1.0955696948,2.1740000000,1.1015687953,2.1840000000,1.1075262606,2.1940000000,1.1134386449,2.2040000000,1.1193026646,2.2140000000,1.1251152102,2.2240000000,1.1308733573,2.2340000000,1.1365743774,2.2440000000,1.1422157478,2.2540000000,1.1477951600,2.2640000000,1.1533105288,2.2740000000,1.1587599995,2.2840000000,1.1641419545,2.2940000000,1.1694550191,2.3040000000,1.1746980667,2.3140000000,1.1798702225,2.3240000000,1.1849708669,2.3340000000,1.1899996378,2.3440000000,1.1949564316,2.3540000000,1.1998414038,2.3640000000,1.2046549683,2.3740000000,1.2093977962,2.3840000000,1.2140708130,2.3940000000,1.2186751954,2.4040000000,1.2232123673,2.4140000000,1.2276839944,2.4240000000,1.2320919782,2.4340000000,1.2364384493,2.4440000000,1.2407257597,2.4540000000,1.2449564744,2.4640000000,1.2491333619,2.4740000000,1.2532593846,2.4840000000,1.2573376878,2.4940000000,1.2613715887,2.5040000000,1.2653645641,2.5140000000,1.2693202383,2.5240000000,1.2732423697,2.5340000000,1.2771348375,2.5440000000,1.2810016275,2.5540000000,1.2848468182,2.5640000000,1.2886745656,2.5740000000,1.2924890885,2.5840000000,1.2962946533,2.5940000000,1.3000955589,2.2990000000
1994/09/30,2.0060000000,0.9982702328,2.0160000000,1.0044116900,2.0260000000,1.0105732591,2.0360000000,1.0167507597,2.0460000000,1.0229399540,2.0560000000,1.0291365623,2.0660000000,1.0353362780,2.0760000000,1.0415347835,2.0860000000,1.0477277654,2.0960000000,1.0539109303,2.1060000000,1.0600800201,2.1160000000,1.0662308273,2.1260000000,1.0723592102,2.1360000000,1.0784611079,2.1460000000,1.0845325548,2.1560000000,1.0905696948,2.1660000000,1.0965687953,2.1760000000,1.1025262606,2.1860000000,1.1084386449,2.1960000000,1.1143026646,2.2060000000,1.1201152102,2.2160000000,1.1258733573,2.2260000000,1.1315743774,2.2360000000,1.1372157478,2.2460000000,1.1427951600,2.2560000000,1.1483105288,2.2660000000,1.1537599995,2.2760000000,1.1591419545,2.2860000000,1.1644550191,2.2960000000,1.1696980667,2.3060000000,1.1748702225,2.3160000000,1.1799708669,2.3260000000,1.1849996378,2.3360000000,1.1899564316,2.3460000000,1.1948414038,2.3560000000,1.1996549683,2.3660000000,1.2043977962,2.3760000000,1.2090708130,2.3860000000,1.2136751954,2.3960000000,1.2182123673,2.4060000000,1.2226839944,2.4160000000,1.2270919782,2.4260000000,1.2314384493,2.4360000000,1.2357257597,2.4460000000,1.2399564744,2.4560000000,1.2441333619,2.4660000000,1.2482593846,2.4760000000,1.2523376878,2.4860000000,1.2563715887,2.4960000000,1.2603645641,2.5060000000,1.2643202383,2.5160000000,1.2682423697,2.5260000000,1.2721348375,2.5360000000,1.2760016275,2.5460000000,1.2798468182,2.5560000000,1.2836745656,2.5660000000,1.2874890885,2.5760000000,1.2912946533,2.5860000000,1.2950955589,2.5960000000,1.2988961205,2.3010000000
1994/12/31,2.0080000000,0.9994116900,2.0180000000,1.0055732591,2.0280000000,1.0117507597,2.0380000000,1.0179399540,2.0480000000,1.0241365623,2.0580000000,1.0303362780,2.0680000000,1.0365347835,2.0780000000,1.0427277654,2.0880000000,1.0489109303,2.0980000000,1.0550800201,2.1080000000,1.0612308273,2.1180000000,1.0673592102,2.1280000000,1.0734611079,2.1380000000,1.0795325548,2.1480000000,1.0855696948,2.1580000000,1.0915687953,2.1680000000,1.0975262606,2.1780000000,1.1034386449,2.1880000000,1.1093026646,2.1980000000,1.1151152102,2.2080000000,1.1208733573,2.2180000000,1.1265743774,2.2280000000,1.1322157478,2.2380000000,1.1377951600,2.2480000000,1.1433105288,2.2580000000,1.1487599995,2.2680000000,1.1541419545,2.2780000000,1.1594550191,2.2880000000,1.1646980667,2.2980000000,1.1698702225,2.3080000000,1.1749708669,2.3180000000,1.1799996378,2.3280000000,1.1849564316,2.3380000000,1.1898414038,2.3480000000,1.1946549683,2.3580000000,1.1993977962,2.3680000000,1.2040708130,2.3780000000,1.2086751954,2.3880000000,1.2132123673,2.3980000000,1.2176839944,2.4080000000,1.2220919782,2.4180000000,1.2264384493,2.4280000000,1.2307257597,2.4380000000,1.2349564744,2.4480000000,1.2391333619,2.4580000000,1.2432593846,2.4680000000,1.2473376878,2.4780000000,1.2513715887,2.4880000000,1.2553645641,2.4980000000,1.2593202383,2.5080000000,1.2632423697,2.5180000000,1.2671348375,2.5280000000,1.2710016275,2.5380000000,1.2748468182,2.5480000000,1.2786745656,2.5580000000,1.2824890885,2.5680000000,1.2862946533,2.5780000000,1.2900955589,2.5880000000,1.2938961205,2.5980000000,1.2977006548,2.3030000000
1995/03/31,2.0100000000,1.0005732591,2.0200000000,1.0067507597,2.0300000000,1.0129399540,2.0400000000,1.0191365623,2.0500000000,1.0253362780,2.0600000000,1.0315347835,2.0700000000,1.0377277654,2.0800000000,1.0439109303,2.0900000000,1.0500800201,2.1000000000,1.0562308273,2.1100000000,1.0623592102,2.1200000000,1.0684611079,2.1300000000,1.0745325548,2.1400000000,1.0805696948,2.1500000000,1.0865687953,2.1600000000,1.0925262606,2.1700000000,1.0984386449,2.1800000000,1.1043026646,2.1900000000,1.1101152102,2.2000000000,1.1158733573,2.2100000000,1.1215743774,2.2200000000,1.1272157478,2.2300000000,1.1327951600,2.2400000000,1.1383105288,2.2500000000,1.1437599995,2.2600000000,1.1491419545,2.2700000000,1.1544550191,2.2800000000,1.1596980667,2.2900000000,1.1648702225,2.3000000000,1.1699708669,2.3100000000,1.1749996378,2.3200000000,1.1799564316,2.3300000000,1.1848414038,2.3400000000,1.1896549683,2.3500000000,1.1943977962,2.3600000000,1.1990708130,2.3700000000,1.2036751954,2.3800000000,1.2082123673,2.3900000000,1.2126839944,2.4000000000,1.2170919782,2.4100000000,1.2214384493,2.4200000000,1.2257257597,2.4300000000,1.2299564744,2.4400000000,1.2341333619,2.4500000000,1.2382593846,2.4600000000,1.2423376878,2.4700000000,1.2463715887,2.4800000000,1.2503645641,2.4900000000,1.2543202383,2.5000000000,1.2582423697,2.5100000000,1.2621348375,2.5200000000,1.2660016275,2.5300000000,1.2698468182,2.5400000000,1.2736745656,2.5500000000,1.2774890885,2.5600000000,1.2812946533,2.5700000000,1.2850955589,2.5800000000,1.2888961205,2.5900000000,1.2927006548,2.6000000000,1.2965134644,2.3050000000
1995/06/30,2.0120000000,1.0017507597,2.0220000000,1.0079399540,2.0320000000,1.0141365623,2.0420000000,1.0203362780,2.0520000000,1.0265347835,2.0620000000,1.0327277654,2.0720000000,1.0389109303,2.0820000000,1.0450800201,2.0920000000,1.0512308273,2.1020000000,1.0573592102,2.1120000000,1.0634611079,2.1220000000,1.0695325548,2.1320000000,1.0755696948,2.1420000000,1.0815687953,2.1520000000,1.0875262606,2.1620000000,1.0934386449,2.1720000000,1.0993026646,2.1820000000,1.1051152102,2.1920000000,1.1108733573,2.2020000000,1.1165743774,2.2120000000,1.1222157478,2.2220000000,1.1277951600,2.2320000000,1.1333105288,2.2420000000,1.1387599995,2.2520000000,1.1441419545,2.2620000000,1.1494550191,2.2720000000,1.1546980667,2.2820000000,1.1598702225,2.2920000000,1.1649708669,2.3020000000,1.1699996378,2.3120000000,1.1749564316,2.3220000000,1.1798414038,2.3320000000,1.1846549683,2.3420000000,1.1893977962,2.3520000000,1.1940708130,2.3620000000,1.1986751954,2.3720000000,1.2032123673,2.3820000000,1.2076839944,2.3920000000,1.2120919782,2.4020000000,1.2164384493,2.4120000000,1.2207257597,2.4220000000,1.2249564744,2.4320000000,1.2291333619,2.4420000000,1.2332593846,2.4520000000,1.2373376878,2.4620000000,1.2413715887,2.4720000000,1.2453645641,2.4820000000,1.2493202383,2.4920000000,1.2532423697,2.5020000000,1.2571348375,2.5120000000,1.2610016275,2.5220000000,1.2648468182,2.5320000000,1.2686745656,2.5420000000,1.2724890885,2.5520000000,1.2762946533,2.5620000000,1.2800955589,2.5720000000,1.2838961205,2.5820000000,1.2877006548,2.5920000000,1.2915134644,2.6020000000,1.2953388217,2.3070000000
1995/09/30,2.0140000000,1.0029399540,2.0240000000,1.0091365623,2.0340000000,1.0153362780,2.0440000000,1.0215347835,2.0540000000,1.0277277654,2.0640000000,1.0339109303,2.0740000000,1.0400800201,2.0840000000,1.0462308273,2.0940000000,1.0523592102,2.1040000000,1.0584611079,2.1140000000,1.0645325548,2.1240000000,1.0705696948,2.1340000000,1.0765687953,2.1440000000,1.0825262606,2.1540000000,1.0884386449,2.1640000000,1.0943026646,2.1740000000,1.1001152102,2.1840000000,1.1058733573,2.1940000000,1.1115743774,2.2040000000,1.1172157478,2.2140000000,1.1227951600,2.2240000000,1.1283105288,2.2340000000,1.1337599995,2.2440000000,1.1391419545,2.2540000000,1.1444550191,2.2640000000,1.1496980667,2.2740000000,1.1548702225,2.2840000000,1.1599708669,2.2940000000,1.1649996378,2.3040000000,1.1699564316,2.3140000000,1.1748414038,2.3240000000,1.1796549683,2.3340000000,1.1843977962,2.3440000000,1.1890708130,2.3540000000,1.1936751954,2.3640000000,1.1982123673,2.3740000000,1.2026839944,2.3840000000,1.2070919782,2.3940000000,1.2114384493,2.4040000000,1.2157257597,2.4140000000,1.2199564744,2.4240000000,1.2241333619,2.4340000000,1.2282593846,2.4440000000,1.2323376878,2.4540000000,1.2363715887,2.4640000000,1.2403645641,2.4740000000,1.2443202383,2.4840000000,1.2482423697,2.4940000000,1.2521348375,2.5040000000,1.2560016275,2.5140000000,1.2598468182,2.5240000000,1.2636745656,2.5340000000,1.2674890885,2.5440000000,1.2712946533,2.5540000000,1.2750955589,2.5640000000,1.2788961205,2.5740000000,1.2827006548,2.5840000000,1.2865134644,2.5940000000,1.2903388217,2.6040000000,1.2941809542,2.3090000000
1995/12/31,2.0160000000,1.0041365623,2.0260000000,1.0103362780,2.0360000000,1.0165347835,2.0460000000,1.0227277654,2.0560000000,1.0289109303,2.0660000000,1.0350800201,2.0760000000,1.0412308273,2.0860000000,1.0473592102,2.0960000000,1.0534611079,2.1060000000,1.0595325548,2.1160000000,1.0655696948,2.1260000000,1.0715687953,2.1360000000,1.0775262606,2.1460000000,1.0834386449,2.1560000000,1.0893026646,2.1660000000,1.0951152102,2.1760000000,1.1008733573,2.1860000000,1.1065743774,2.1960000000,1.1122157478,2.2060000000,1.1177951600,2.2160000000,1.1233105288,2.2260000000,1.1287599995,2.2360000000,1.1341419545,2.2460000000,1.1394550191,2.2560000000,1.1446980667,2.2660000000,1.1498702225,2.2760000000,1.1549708669,2.2860000000,1.1599996378,2.2960000000,1.1649564316,2.3060000000,1.1698414038,2.3160000000,1.1746549683,2.3260000000,1.1793977962,2.3360000000,1.1840708130,2.3460000000,1.1886751954,2.3560000000,1.1932123673,2.3660000000,1.1976839944,2.3760000000,1.2020919782,2.3860000000,1.2064384493,2.3960000000,1.2107257597,2.4060000000,1.2149564744,2.4160000000,1.2191333619,2.4260000000,1.2232593846,2.4360000000,1.2273376878,2.4460000000,1.2313715887,2.4560000000,1.2353645641,2.4660000000,1.2393202383,2.4760000000,1.2432423697,2.4860000000,1.2471348375,2.4960000000,1.2510016275,2.5060000000,1.2548468182,2.5160000000,1.2586745656,2.5260000000,1.2624890885,2.5360000000,1.2662946533,2.5460000000,1.2700955589,2.5560000000,1.2738961205,2.5660000000,1.2777006548,2.5760000000,1.2815134644,2.5860000000,1.2853388217,2.5960000000,1.2891809542,2.6060000000,1.2930440290,2.3110000000
1996/03/31,2.0180000000,1.0053362780,2.0280000000,1.0115347835,2.0380000000,1.0177277654,2.0480000000,1.0239109303,2.0580000000,1.0300800201,2.0680000000,1.0362308273,2.0780000000,1.0423592102,2.0880000000,1.0484611079,2.0980000000,1.0545325548,2.1080000000,1.0605696948,2.1180000000,1.0665687953,2.1280000000,1.0725262606,2.1380000000,1.0784386449,2.1480000000,1.0843026646,2.1580000000,1.0901152102,2.1680000000,1.0958733573,2.1780000000,1.1015743774,2.1880000000,1.1072157478,2.1980000000,1.1127951600,2.2080000000,1.1183105288,2.2180000000,1.1237599995,2.2280000000,1.1291419545,2.2380000000,1.1344550191,2.2480000000,1.1396980667,2.2580000000,1.1448702225,2.2680000000,1.1499708669,2.2780000000,1.1549996378,2.2880000000,1.1599564316,2.2980000000,1.1648414038,2.3080000000,1.1696549683,2.3180000000,1.1743977962,2.3280000000,1.1790708130,2.3380000000,1.1836751954,2.3480000000,1.1882123673,2.3580000000,1.1926839944,2.3680000000,1.1970919782,2.3780000000,1.2014384493,2.3880000000,1.2057257597,2.3980000000,1.2099564744,2.4080000000,1.2141333619,2.4180000000,1.2182593846,2.4280000000,1.2223376878,2.4380000000,1.2263715887,2.4480000000,1.2303645641,2.4580000000,1.2343202383,2.4680000000,1.2382423697,2.4780000000,1.2421348375,2.4880000000,1.2460016275,2.4980000000,1.2498468182,2.5080000000,1.2536745656,2.5180000000,1.2574890885,2.5280000000,1.2612946533,2.5380000000,1.2650955589,2.5480000000,1.2688961205,2.5580000000,1.2727006548,2.5680000000,1.2765134644,2.5780000000,1.2803388217,2.5880000000,1.2841809542,2.5980000000,1.2880440290,2.6080000000,1.2919321378,2.3130000000
1996/06/30,2.0200000000,1.0065347835,2.0300000000,1.0127277654,2.0400000000,1.0189109303,2.0500000000,1.0250800201,2.0600000000,1.0312308273,2.0700000000,1.0373592102,2.0800000000,1.0434611079,2.0900000000,1.0495325548,2.1000000000,1.0555696948,2.1100000000,1.0615687953,2.1200000000,1.0675262606,2.1300000000,1.0734386449,2.1400000000,1.0793026646,2.1500000000,1.0851152102,2.1600000000,1.0908733573,2.1700000000,1.0965743774,2.1800000000,1.1022157478,2.1900000000,1.1077951600,2.2000000000,1.1133105288,2.2100000000,1.1187599995,2.2200000000,1.1241419545,2.2300000000,1.1294550191,2.2400000000,1.1346980667,2.2500000000,1.1398702225,2.2600000000,1.1449708669,2.2700000000,1.1499996378,2.2800000000,1.1549564316,2.2900000000,1.1598414038,2.3000000000,1.1646549683,2.3100000000,1.1693977962,2.3200000000,1.1740708130,2.3300000000,1.1786751954,2.3400000000,1.1832123673,2.3500000000,1.1876839944,2.3600000000,1.1920919782,2.3700000000,1.1964384493,2.3800000000,1.2007257597,2.3900000000,1.2049564744,2.4000000000,1.2091333619,2.4100000000,1.2132593846,2.4200000000,1.2173376878,2.4300000000,1.2213715887,2.4400000000,1.2253645641,2.4500000000,1.2293202383,2.4600000000,1.2332423697,2.4700000000,1.2371348375,2.4800000000,1.2410016275,2.4900000000,1.2448468182,2.5000000000,1.2486745656,2.5100000000,1.2524890885,2.5200000000,1.2562946533,2.5300000000,1.2600955589,2.5400000000,1.2638961205,2.5500000000,1.2677006548,2.5600000000,1.2715134644,2.5700000000,1.2753388217,2.5800000000,1.2791809542,2.5900000000,1.2830440290,2.6000000000,1.2869321378,2.6100000000,1.2908492821,2.3150000000
1996/09/30,2.0220000000,1.0077277654,2.0320000000,1.0139109303,2.0420000000,1.0200800201,2.0520000000,1.0262308273,2.0620000000,1.0323592102,2.0720000000,1.0384611079,2.0820000000,1.0445325548,2.0920000000,1.0505696948,2.1020000000,1.0565687953,2.1120000000,1.0625262606,2.1220000000,1.0684386449,2.1320000000,1.0743026646,2.1420000000,1.0801152102,2.1520000000,1.0858733573,2.1620000000,1.0915743774,2.1720000000,1.0972157478,2.1820000000,1.1027951600,2.1920000000,1.1083105288,2.2020000000,1.1137599995,2.2120000000,1.1191419545,2.2220000000,1.1244550191,2.2320000000,1.1296980667,2.2420000000,1.1348702225,2.2520000000,1.1399708669,2.2620000000,1.1449996378,2.2720000000,1.1499564316,2.2820000000,1.1548414038,2.2920000000,1.1596549683,2.3020000000,1.1643977962,2.3120000000,1.1690708130,2.3220000000,1.1736751954,2.3320000000,1.1782123673,2.3420000000,1.1826839944,2.3520000000,1.1870919782,2.3620000000,1.1914384493,2.3720000000,1.1957257597,2.3820000000,1.1999564744,2.3920000000,1.2041333619,2.4020000000,1.2082593846,2.4120000000,1.2123376878,2.4220000000,1.2163715887,2.4320000000,1.2203645641,2.4420000000,1.2243202383,2.4520000000,1.2282423697,2.4620000000,1.2321348375,2.4720000000,1.2360016275,2.4820000000,1.2398468182,2.4920000000,1.2436745656,2.5020000000,1.2474890885,2.5120000000,1.2512946533,2.5220000000,1.2550955589,2.5320000000,1.2588961205,2.5420000000,1.2627006548,2.5520000000,1.2665134644,2.5620000000,1.2703388217,2.5720000000,1.2741809542,2.5820000000,1.2780440290,2.5920000000,1.2819321378,2.6020000000,1.2858492821,2.6120000000,1.2897993592,2.3170000000
1996/12/31,2.0240000000,1.0089109303,2.0340000000,1.0150800201,2.0440000000,1.0212308273,2.0540000000,1.0273592102,2.0640000000,1.0334611079,2.0740000000,1.0395325548,2.0840000000,1.0455696948,2.0940000000,1.0515687953,2.1040000000,1.0575262606,2.1140000000,1.0634386449,2.1240000000,1.0693026646,2.1340000000,1.0751152102,2.1440000000,1.0808733573,2.1540000000,1.0865743774,2.1640000000,1.0922157478,2.1740000000,1.0977951600,2.1840000000,1.1033105288,2.1940000000,1.1087599995,2.2040000000,1.1141419545,2.2140000000,1.1194550191,2.2240000000,1.1246980667,2.2340000000,1.1298702225,2.2440000000,1.1349708669,2.2540000000,1.1399996378,2.2640000000,1.1449564316,2.2740000000,1.1498414038,2.2840000000,1.1546549683,2.2940000000,1.1593977962,2.3040000000,1.1640708130,2.3140000000,1.1686751954,2.3240000000,1.1732123673,2.3340000000,1.1776839944,2.3440000000,1.1820919782,2.3540000000,1.1864384493,2.3640000000,1.1907257597,2.3740000000,1.1949564744,2.3840000000,1.1991333619,2.3940000000,1.2032593846,2.4040000000,1.2073376878,2.4140000000,1.2113715887,2.4240000000,1.2153645641,2.4340000000,1.2193202383,2.4440000000,1.2232423697,2.4540000000,1.2271348375,2.4640000000,1.2310016275,2.4740000000,1.2348468182,2.4840000000,1.2386745656,2.4940000000,1.2424890885,2.5040000000,1.2462946533,2.5140000000,1.2500955589,2.5240000000,1.2538961205,2.5340000000,1.2577006548,2.5440000000,1.2615134644,2.5540000000,1.2653388217,2.5640000000,1.2691809542,2.5740000000,1.2730440290,2.5840000000,1.2769321378,2.5940000000,1.2808492821,2.6040000000,1.2847993592,2.6140000000,1.2887861476,2.3190000000
1997/03/31,2.0260000000,1.0100800201,2.0360000000,1.0162308273,2.0460000000,1.0223592102,2.0560000000,1.0284611079,2.0660000000,1.0345325548,2.0760000000,1.0405696948,2.0860000000,1.0465687953,2.0960000000,1.0525262606,2.1060000000,1.0584386449,2.1160000000,1.0643026646,2.1260000000,1.0701152102,2.1360000000,1.0758733573,2.1460000000,1.0815743774,2.1560000000,1.0872157478,2.1660000000,1.0927951600,2.1760000000,1.0983105288,2.1860000000,1.1037599995,2.1960000000,1.1091419545,2.2060000000,1.1144550191,2.2160000000,1.1196980667,2.2260000000,1.1248702225,2.2360000000,1.1299708669,2.2460000000,1.1349996378,2.2560000000,1.1399564316,2.2660000000,1.1448414038,2.2760000000,1.1496549683,2.2860000000,1.1543977962,2.2960000000,1.1590708130,2.3060000000,1.1636751954,2.3160000000,1.1682123673,2.3260000000,1.1726839944,2.3360000000,1.1770919782,2.3460000000,1.1814384493,2.3560000000,1.1857257597,2.3660000000,1.1899564744,2.3760000000,1.1941333619,2.3860000000,1.1982593846,2.3960000000,1.2023376878,2.4060000000,1.2063715887,2.4160000000,1.2103645641,2.4260000000,1.2143202383,2.4360000000,1.2182423697,2.4460000000,1.2221348375,2.4560000000,1.2260016275,2.4660000000,1.2298468182,2.4760000000,1.2336745656,2.4860000000,1.2374890885,2.4960000000,1.2412946533,2.5060000000,1.2450955589,2.5160000000,1.2488961205,2.5260000000,1.2527006548,2.5360000000,1.2565134644,2.5460000000,1.2603388217,2.5560000000,1.2641809542,2.5660000000,1.2680440290,2.5760000000,1.2719321378,2.5860000000,1.2758492821,2.5960000000,1.2797993592,2.6060000000,1.2837861476,2.6160000000,1.2878132937,2.3210000000
1997/06/30,2.0280000000,1.0112308273,2.0380000000,1.0173592102,2.0480000000,1.0234611079,2.0580000000,1.0295325548,2.0680000000,1.0355696948,2.0780000000,1.0415687953,2.0880000000,1.0475262606,2.0980000000,1.0534386449,2.1080000000,1.0593026646,2.1180000000,1.0651152102,2.1280000000,1.0708733573,2.1380000000,1.0765743774,2.1480000000,1.0822157478,2.1580000000,1.0877951600,2.1680000000,1.0933105288,2.1780000000,1.0987599995,2.1880000000,1.1041419545,2.1980000000,1.1094550191,2.2080000000,1.1146980667,2.2180000000,1.1198702225,2.2280000000,1.1249708669,2.2380000000,1.1299996378,2.2480000000,1.1349564316,2.2580000000,1.1398414038,2.2680000000,1.1446549683,2.2780000000,1.1493977962,2.2880000000,1.1540708130,2.2980000000,1.1586751954,2.3080000000,1.1632123673,2.3180000000,1.1676839944,2.3280000000,1.1720919782,2.3380000000,1.1764384493,2.3480000000,1.1807257597,2.3580000000,1.1849564744,2.3680000000,1.1891333619,2.3780000000,1.1932593846,2.3880000000,1.1973376878,2.3980000000,1.2013715887,2.4080000000,1.2053645641,2.4180000000,1.2093202383,2.4280000000,1.2132423697,2.4380000000,1.2171348375,2.4480000000,1.2210016275,2.4580000000,1.2248468182,2.4680000000,1.2286745656,2.4780000000,1.2324890885,2.4880000000,1.2362946533,2.4980000000,1.2400955589,2.5080000000,1.2438961205,2.5180000000,1.2477006548,2.5280000000,1.2515134644,2.5380000000,1.2553388217,2.5480000000,1.2591809542,2.5580000000,1.2630440290,2.5680000000,1.2669321378,2.5780000000,1.2708492821,2.5880000000,1.2747993592,2.5980000000,1.2787861476,2.6080000000,1.2828132937,2.6180000000,1.2868842988,2.3230000000
1997/09/30,2.0300000000,1.0123592102,2.0400000000,1.0184611079,2.0500000000,1.0245325548,2.0600000000,1.0305696948,2.0700000000,1.0365687953,2.0800000000,1.0425262606,2.0900000000,1.0484386449,2.1000000000,1.0543026646,2.1100000000,1.0601152102,2.1200000000,1.0658733573,2.1300000000,1.0715743774,2.1400000000,1.0772157478,2.1500000000,1.0827951600,2.1600000000,1.0883105288,2.1700000000,1.0937599995,2.1800000000,1.0991419545,2.1900000000,1.1044550191,2.2000000000,1.1096980667,2.2100000000,1.1148702225,2.2200000000,1.1199708669,2.2300000000,1.1249996378,2.2400000000,1.1299564316,2.2500000000,1.1348414038,2.2600000000,1.1396549683,2.2700000000,1.1443977962,2.2800000000,1.1490708130,2.2900000000,1.1536751954,2.3000000000,1.1582123673,2.3100000000,1.1626839944,2.3200000000,1.1670919782,2.3300000000,1.1714384493,2.3400000000,1.1757257597,2.3500000000,1.1799564744,2.3600000000,1.1841333619,2.3700000000,1.1882593846,2.3800000000,1.1923376878,2.3900000000,1.1963715887,2.4000000000,1.2003645641,2.4100000000,1.2043202383,2.4200000000,1.2082423697,2.4300000000,1.2121348375,2.4400000000,1.2160016275,2.4500000000,1.2198468182,2.4600000000,1.2236745656,2.4700000000,1.2274890885,2.4800000000,1.2312946533,2.4900000000,1.2350955589,2.5000000000,1.2388961205,2.5100000000,1.2427006548,2.5200000000,1.2465134644,2.5300000000,1.2503388217,2.5400000000,1.2541809542,2.5500000000,1.2580440290,2.5600000000,1.2619321378,2.5700000000,1.2658492821,2.5800000000,1.2697993592,2.5900000000,1.2737861476,2.6000000000,1.2778132937,2.6100000000,1.2818842988,2.6200000000,1.2860025062,2.3250000000
1997/12/31,2.0320000000,1.0134611079,2.0420000000,1.0195325548,2.0520000000,1.0255696948,2.0620000000,1.0315687953,2.0720000000,1.0375262606,2.0820000000,1.0434386449,2.0920000000,1.0493026646,2.1020000000,1.0551152102,2.1120000000,1.0608733573,2.1220000000,1.0665743774,2.1320000000,1.0722157478,2.1420000000,1.0777951600,2.1520000000,1.0833105288,2.1620000000,1.0887599995,2.1720000000,1.0941419545,2.1820000000,1.0994550191,2.1920000000,1.1046980667,2.2020000000,1.1098702225,2.2120000000,1.1149708669,2.2220000000,1.1199996378,2.2320000000,1.1249564316,2.2420000000,1.1298414038,2.2520000000,1.1346549683,2.2620000000,1.1393977962,2.2720000000,1.1440708130,2.2820000000,1.1486751954,2.2920000000,1.1532123673,2.3020000000,1.1576839944,2.3120000000,1.1620919782,2.3220000000,1.1664384493,2.3320000000,1.1707257597,2.3420000000,1.1749564744,2.3520000000,1.1791333619,2.3620000000,1.1832593846,2.3720000000,1.1873376878,2.3820000000,1.1913715887,2.3920000000,1.1953645641,2.4020000000,1.1993202383,2.4120000000,1.2032423697,2.4220000000,1.2071348375,2.4320000000,1.2110016275,2.4420000000,1.2148468182,2.4520000000,1.2186745656,2.4620000000,1.2224890885,2.4720000000,1.2262946533,2.4820000000,1.2300955589,2.4920000000,1.2338961205,2.5020000000,1.2377006548,2.5120000000,1.2415134644,2.5220000000,1.2453388217,2.5320000000,1.2491809542,2.5420000000,1.2530440290,2.5520000000,1.2569321378,2.5620000000,1.2608492821,2.5720000000,1.2647993592,2.5820000000,1.2687861476,2.5920000000,1.2728132937,2.6020000000,1.2768842988,2.6120000000,1.2810025062,2.6220000000,1.2851710896,2.3270000000
1998/03/31,2.0340000000,1.0145325548,2.0440000000,1.0205696948,2.0540000000,1.0265687953,2.0640000000,1.0325262606,2.0740000000,1.0384386449,2.0840000000,1.0443026646,2.0940000000,1.0501152102,2.1040000000,1.0558733573,2.1140000000,1.0615743774,2.1240000000,1.0672157478,2.1340000000,1.0727951600,2.1440000000,1.0783105288,2.1540000000,1.0837599995,2.1640000000,1.0891419545,2.1740000000,1.0944550191,2.1840000000,1.0996980667,2.1940000000,1.1048702225,2.2040000000,1.1099708669,2.2140000000,1.1149996378,2.2240000000,1.1199564316,2.2340000000,1.1248414038,2.2440000000,1.1296549683,2.2540000000,1.1343977962,2.2640000000,1.1390708130,2.2740000000,1.1436751954,2.2840000000,1.1482123673,2.2940000000,1.1526839944,2.3040000000,1.1570919782,2.3140000000,1.1614384493,2.3240000000,1.1657257597,2.3340000000,1.1699564744,2.3440000000,1.1741333619,2.3540000000,1.1782593846,2.3640000000,1.1823376878,2.3740000000,1.1863715887,2.3840000000,1.1903645641,2.3940000000,1.1943202383,2.4040000000,1.1982423697,2.4140000000,1.2021348375,2.4240000000,1.2060016275,2.4340000000,1.2098468182,2.4440000000,1.2136745656,2.4540000000,1.2174890885,2.4640000000,1.2212946533,2.4740000000,1.2250955589,2.4840000000,1.2288961205,2.4940000000,1.2327006548,2.5040000000,1.2365134644,2.5140000000,1.2403388217,2.5240000000,1.2441809542,2.5340000000,1.2480440290,2.5440000000,1.2519321378,2.5540000000,1.2558492821,2.5640000000,1.2597993592,2.5740000000,1.2637861476,2.5840000000,1.2678132937,2.5940000000,1.2718842988,2.6040000000,1.2760025062,2.6140000000,1.2801710896,2.6240000000,1.2843930410,2.3290000000
1998/06/30,2.0360000000,1.0155696948,2.0460000000,1.0215687953,2.0560000000,1.0275262606,2.0660000000,1.0334386449,2.0760000000,1.0393026646,2.0860000000,1.0451152102,2.0960000000,1.0508733573,2.1060000000,1.0565743774,2.1160000000,1.0622157478,2.1260000000,1.0677951600,2.1360000000,1.0733105288,2.1460000000,1.0787599995,2.1560000000,1.0841419545,2.1660000000,1.0894550191,2.1760000000,1.0946980667,2.1860000000,1.0998702225,2.1960000000,1.1049708669,2.2060000000,1.1099996378,2.2160000000,1.1149564316,2.2260000000,1.1198414038,2.2360000000,1.1246549683,2.2460000000,1.1293977962,2.2560000000,1.1340708130,2.2660000000,1.1386751954,2.2760000000,1.1432123673,2.2860000000,1.1476839944,2.2960000000,1.1520919782,2.3060000000,1.1564384493,2.3160000000,1.1607257597,2.3260000000,1.1649564744,2.3360000000,1.1691333619,2.3460000000,1.1732593846,2.3560000000,1.1773376878,2.3660000000,1.1813715887,2.3760000000,1.1853645641,2.3860000000,1.1893202383,2.3960000000,1.1932423697,2.4060000000,1.1971348375,2.4160000000,1.2010016275,2.4260000000,1.2048468182,2.4360000000,1.2086745656,2.4460000000,1.2124890885,2.4560000000,1.2162946533,2.4660000000,1.2200955589,2.4760000000,1.2238961205,2.4860000000,1.2277006548,2.4960000000,1.2315134644,2.5060000000,1.2353388217,2.5160000000,1.2391809542,2.5260000000,1.2430440290,2.5360000000,1.2469321378,2.5460000000,1.2508492821,2.5560000000,1.2547993592,2.5660000000,1.2587861476,2.5760000000,1.2628132937,2.5860000000,1.2668842988,2.5960000000,1.2710025062,2.6060000000,1.2751710896,2.6160000000,1.2793930410,2.6260000000,1.2836711606,2.3310000000
1998/09/30,2.0380000000,1.0165687953,2.0480000000,1.0225262606,2.0580000000,1.0284386449,2.0680000000,1.0343026646,2.0780000000,1.0401152102,2.0880000000,1.0458733573,2.0980000000,1.0515743774,2.1080000000,1.0572157478,2.1180000000,1.0627951600,2.1280000000,1.0683105288,2.1380000000,1.0737599995,2.1480000000,1.0791419545,2.1580000000,1.0844550191,2.1680000000,1.0896980667,2.1780000000,1.0948702225,2.1880000000,1.0999708669,2.1980000000,1.1049996378,2.2080000000,1.1099564316,2.2180000000,1.1148414038,2.2280000000,1.1196549683,2.2380000000,1.1243977962,2.2480000000,1.1290708130,2.2580000000,1.1336751954,2.2680000000,1.1382123673,2.2780000000,1.1426839944,2.2880000000,1.1470919782,2.2980000000,1.1514384493,2.3080000000,1.1557257597,2.3180000000,1.1599564744,2.3280000000,1.1641333619,2.3380000000,1.1682593846,2.3480000000,1.1723376878,2.3580000000,1.1763715887,2.3680000000,1.1803645641,2.3780000000,1.1843202383,2.3880000000,1.1882423697,2.3980000000,1.1921348375,2.4080000000,1.1960016275,2.4180000000,1.1998468182,2.4280000000,1.2036745656,2.4380000000,1.2074890885,2.4480000000,1.2112946533,2.4580000000,1.2150955589,2.4680000000,1.2188961205,2.4780000000,1.2227006548,2.4880000000,1.2265134644,2.4980000000,1.2303388217,2.5080000000,1.2341809542,2.5180000000,1.2380440290,2.5280000000,1.2419321378,2.5380000000,1.2458492821,2.5480000000,1.2497993592,2.5580000000,1.2537861476,2.5680000000,1.2578132937,2.5780000000,1.2618842988,2.5880000000,1.2660025062,2.5980000000,1.2701710896,2.6080000000,1.2743930410,2.6180000000,1.2786711606,2.6280000000,1.2830080463,2.3330000000
1998/12/31,2.0400000000,1.0175262606,2.0500000000,1.0234386449,2.0600000000,1.0293026646,2.0700000000,1.0351152102,2.0800000000,1.0408733573,2.0900000000,1.0465743774,2.1000000000,1.0522157478,2.1100000000,1.0577951600,2.1200000000,1.0633105288,2.1300000000,1.0687599995,2.1400000000,1.0741419545,2.1500000000,1.0794550191,2.1600000000,1.0846980667,2.1700000000,1.0898702225,2.1800000000,1.0949708669,2.1900000000,1.0999996378,2.2000000000,1.1049564316,2.2100000000,1.1098414038,2.2200000000,1.1146549683,2.2300000000,1.1193977962,2.2400000000,1.1240708130,2.2500000000,1.1286751954,2.2600000000,1.1332123673,2.2700000000,1.1376839944,2.2800000000,1.1420919782,2.2900000000,1.1464384493,2.3000000000,1.1507257597,2.3100000000,1.1549564744,2.3200000000,1.1591333619,2.3300000000,1.1632593846,2.3400000000,1.1673376878,2.3500000000,1.1713715887,2.3600000000,1.1753645641,2.3700000000,1.1793202383,2.3800000000,1.1832423697,2.3900000000,1.1871348375,2.4000000000,1.1910016275,2.4100000000,1.1948468182,2.4200000000,1.1986745656,2.4300000000,1.2024890885,2.4400000000,1.2062946533,2.4500000000,1.2100955589,2.4600000000,1.2138961205,2.4700000000,1.2177006548,2.4800000000,1.2215134644,2.4900000000,1.2253388217,2.5000000000,1.2291809542,2.5100000000,1.2330440290,2.5200000000,1.2369321378,2.5300000000,1.2408492821,2.5400000000,1.2447993592,2.5500000000,1.2487861476,2.5600000000,1.2528132937,2.5700000000,1.2568842988,2.5800000000,1.2610025062,2.5900000000,1.2651710896,2.6000000000,1.2693930410,2.6100000000,1.2736711606,2.6200000000,1.2780080463,2.6300000000,1.2824060848,2.3350000000
1999/03/31,2.0420000000,1.0184386449,2.0520000000,1.0243026646,2.0620000000,1.0301152102,2.0720000000,1.0358733573,2.0820000000,1.0415743774,2.0920000000,1.0472157478,2.1020000000,1.0527951600,2.1120000000,1.0583105288,2.1220000000,1.0637599995,2.1320000000,1.0691419545,2.1420000000,1.0744550191,2.1520000000,1.0796980667,2.1620000000,1.0848702225,2.1720000000,1.0899708669,2.1820000000,1.0949996378,2.1920000000,1.0999564316,2.2020000000,1.1048414038,2.2120000000,1.1096549683,2.2220000000,1.1143977962,2.2320000000,1.1190708130,2.2420000000,1.1236751954,2.2520000000,1.1282123673,2.2620000000,1.1326839944,2.2720000000,1.1370919782,2.2820000000,1.1414384493,2.2920000000,1.1457257597,2.3020000000,1.1499564744,2.3120000000,1.1541333619,2.3220000000,1.1582593846,2.3320000000,1.1623376878,2.3420000000,1.1663715887,2.3520000000,1.1703645641,2.3620000000,1.1743202383,2.3720000000,1.1782423697,2.3820000000,1.1821348375,2.3920000000,1.1860016275,2.4020000000,1.1898468182,2.4120000000,1.1936745656,2.4220000000,1.1974890885,2.4320000000,1.2012946533,2.4420000000,1.2050955589,2.4520000000,1.2088961205,2.4620000000,1.2127006548,2.4720000000,1.2165134644,2.4820000000,1.2203388217,2.4920000000,1.2241809542,2.5020000000,1.2280440290,2.5120000000,1.2319321378,2.5220000000,1.2358492821,2.5320000000,1.2397993592,2.5420000000,1.2437861476,2.5520000000,1.2478132937,2.5620000000,1.2518842988,2.5720000000,1.2560025062,2.5820000000,1.2601710896,2.5920000000,1.2643930410,2.6020000000,1.2686711606,2.6120000000,1.2730080463,2.6220000000,1.2774060848,2.6320000000,1.2818674424,2.3370000000
1999/06/30,2.0440000000,1.0193026646,2.0540000000,1.0251152102,2.0640000000,1.0308733573,2.0740000000,1.0365743774,2.0840000000,1.0422157478,2.0940000000,1.0477951600,2.1040000000,1.0533105288,2.1140000000,1.0587599995,2.1240000000,1.0641419545,2.1340000000,1.0694550191,2.1440000000,1.0746980667,2.1540000000,1.0798702225,2.1640000000,1.0849708669,2.1740000000,1.0899996378,2.1840000000,1.0949564316,2.1940000000,1.0998414038,2.2040000000,1.1046549683,2.2140000000,1.1093977962,2.2240000000,1.1140708130,2.2340000000,1.1186751954,2.2440000000,1.1232123673,2.2540000000,1.1276839944,2.2640000000,1.1320919782,2.2740000000,1.1364384493,2.2840000000,1.1407257597,2.2940000000,1.1449564744,2.3040000000,1.1491333619,2.3140000000,1.1532593846,2.3240000000,1.1573376878,2.3340000000,1.1613715887,2.3440000000,1.1653645641,2.3540000000,1.1693202383,2.3640000000,1.1732423697,2.3740000000,1.1771348375,2.3840000000,1.1810016275,2.3940000000,1.1848468182,2.4040000000,1.1886745656,2.4140000000,1.1924890885,2.4240000000,1.1962946533,2.4340000000,1.2000955589,2.4440000000,1.2038961205,2.4540000000,1.2077006548,2.4640000000,1.2115134644,2.4740000000,1.2153388217,2.4840000000,1.2191809542,2.4940000000,1.2230440290,2.5040000000,1.2269321378,2.5140000000,1.2308492821,2.5240000000,1.2347993592,2.5340000000,1.2387861476,2.5440000000,1.2428132937,2.5540000000,1.2468842988,2.5640000000,1.2510025062,2.5740000000,1.2551710896,2.5840000000,1.2593930410,2.5940000000,1.2636711606,2.6040000000,1.2680080463,2.6140000000,1.2724060848,2.6240000000,1.2768674424,2.6340000000,1.2813940575,2.3390000000
1999/09/30,2.0460000000,1.0201152102,2.0560000000,1.0258733573,2.0660000000,1.0315743774,2.0760000000,1.0372157478,2.0860000000,1.0427951600,2.0960000000,1.0483105288,2.1060000000,1.0537599995,2.1160000000,1.0591419545,2.1260000000,1.0644550191,2.1360000000,1.0696980667,2.1460000000,1.0748702225,2.1560000000,1.0799708669,2.1660000000,1.0849996378,2.1760000000,1.0899564316,2.1860000000,1.0948414038,2.1960000000,1.0996549683,2.2060000000,1.1043977962,2.2160000000,1.1090708130,2.2260000000,1.1136751954,2.2360000000,1.1182123673,2.2460000000,1.1226839944,2.2560000000,1.1270919782,2.2660000000,1.1314384493,2.2760000000,1.1357257597,2.2860000000,1.1399564744,2.2960000000,1.1441333619,2.3060000000,1.1482593846,2.3160000000,1.1523376878,2.3260000000,1.1563715887,2.3360000000,1.1603645641,2.3460000000,1.1643202383,2.3560000000,1.1682423697,2.3660000000,1.1721348375,2.3760000000,1.1760016275,2.3860000000,1.1798468182,2.3960000000,1.1836745656,2.4060000000,1.1874890885,2.4160000000,1.1912946533,2.4260000000,1.1950955589,2.4360000000,1.1988961205,2.4460000000,1.2027006548,2.4560000000,1.2065134644,2.4660000000,1.2103388217,2.4760000000,1.2141809542,2.4860000000,1.2180440290,2.4960000000,1.2219321378,2.5060000000,1.2258492821,2.5160000000,1.2297993592,2.5260000000,1.2337861476,2.5360000000,1.2378132937,2.5460000000,1.2418842988,2.5560000000,1.2460025062,2.5660000000,1.2501710896,2.5760000000,1.2543930410,2.5860000000,1.2586711606,2.5960000000,1.2630080463,2.6060000000,1.2674060848,2.6160000000,1.2718674424,2.6260000000,1.2763940575,2.6360000000,1.2809876340,2.3410000000
1999/12/31,2.0480000000,1.0208733573,2.0580000000,1.0265743774,2.0680000000,1.0322157478,2.0780000000,1.0377951600,2.0880000000,1.0433105288,2.0980000000,1.0487599995,2.1080000000,1.0541419545,2.1180000000,1.0594550191,2.1280000000,1.0646980667,2.1380000000,1.0698702225,2.1480000000,1.0749708669,2.1580000000,1.0799996378,2.1680000000,1.0849564316,2.1780000000,1.0898414038,2.1880000000,1.0946549683,2.1980000000,1.0993977962,2.2080000000,1.1040708130,2.2180000000,1.1086751954,2.2280000000,1.1132123673,2.2380000000,1.1176839944,2.2480000000,1.1220919782,2.2580000000,1.1264384493,2.2680000000,1.1307257597,2.2780000000,1.1349564744,2.2880000000,1.1391333619,2.2980000000,1.1432593846,2.3080000000,1.1473376878,2.3180000000,1.1513715887,2.3280000000,1.1553645641,2.3380000000,1.1593202383,2.3480000000,1.1632423697,2.3580000000,1.1671348375,2.3680000000,1.1710016275,2.3780000000,1.1748468182,2.3880000000,1.1786745656,2.3980000000,1.1824890885,2.4080000000,1.1862946533,2.4180000000,1.1900955589,2.4280000000,1.1938961205,2.4380000000,1.1977006548,2.4480000000,1.2015134644,2.4580000000,1.2053388217,2.4680000000,1.2091809542,2.4780000000,1.2130440290,2.4880000000,1.2169321378,2.4980000000,1.2208492821,2.5080000000,1.2247993592,2.5180000000,1.2287861476,2.5280000000,1.2328132937,2.5380000000,1.2368842988,2.5480000000,1.2410025062,2.5580000000,1.2451710896,2.5680000000,1.2493930410,2.5780000000,1.2536711606,2.5880000000,1.2580080463,2.5980000000,1.2624060848,2.6080000000,1.2668674424,2.6180000000,1.2713940575,2.6280000000,1.2759876340,2.6380000000,1.2806496345,2.3430000000
2000/03/31,2.0500000000,1.0215743774,2.0600000000,1.0272157478,2.0700000000,1.0327951600,2.0800000000,1.0383105288,2.0900000000,1.0437599995,2.1000000000,1.0491419545,2.1100000000,1.0544550191,2.1200000000,1.0596980667,2.1300000000,1.0648702225,2.1400000000,1.0699708669,2.1500000000,1.0749996378,2.1600000000,1.0799564316,2.1700000000,1.0848414038,2.1800000000,1.0896549683,2.1900000000,1.0943977962,2.2000000000,1.0990708130,2.2100000000,1.1036751954,2.2200000000,1.1082123673,2.2300000000,1.1126839944,2.2400000000,1.1170919782,2.2500000000,1.1214384493,2.2600000000,1.1257257597,2.2700000000,1.1299564744,2.2800000000,1.1341333619,2.2900000000,1.1382593846,2.3000000000,1.1423376878,2.3100000000,1.1463715887,2.3200000000,1.1503645641,2.3300000000,1.1543202383,2.3400000000,1.1582423697,2.3500000000,1.1621348375,2.3600000000,1.1660016275,2.3700000000,1.1698468182,2.3800000000,1.1736745656,2.3900000000,1.1774890885,2.4000000000,1.1812946533,2.4100000000,1.1850955589,2.4200000000,1.1888961205,2.4300000000,1.1927006548,2.4400000000,1.1965134644,2.4500000000,1.2003388217,2.4600000000,1.2041809542,2.4700000000,1.2080440290,2.4800000000,1.2119321378,2.4900000000,1.2158492821,2.5000000000,1.2197993592,2.5100000000,1.2237861476,2.5200000000,1.2278132937,2.5300000000,1.2318842988,2.5400000000,1.2360025062,2.5500000000,1.2401710896,2.5600000000,1.2443930410,2.5700000000,1.2486711606,2.5800000000,1.2530080463,2.5900000000,1.2574060848,2.6000000000,1.2618674424,2.6100000000,1.2663940575,2.6200000000,1.2709876340,2.6300000000,1.2756496345,2.6400000000,1.2803812754,2.3450000000
2000/06/30,2.0520000000,1.0222157478,2.0620000000,1.0277951600,2.0720000000,1.0333105288,2.0820000000,1.0387599995,2.0920000000,1.0441419545,2.1020000000,1.0494550191,2.1120000000,1.0546980667,2.1220000000,1.0598702225,2.1320000000,1.0649708669,2.1420000000,1.0699996378,2.1520000000,1.0749564316,2.1620000000,1.0798414038,2.1720000000,1.0846549683,2.1820000000,1.0893977962,2.1920000000,1.0940708130,2.2020000000,1.0986751954,2.2120000000,1.1032123673,2.2220000000,1.1076839944,2.2320000000,1.1120919782,2.2420000000,1.1164384493,2.2520000000,1.1207257597,2.2620000000,1.1249564744,2.2720000000,1.1291333619,2.2820000000,1.1332593846,2.2920000000,1.1373376878,2.3020000000,1.1413715887,2.3120000000,1.1453645641,2.3220000000,1.1493202383,2.3320000000,1.1532423697,2.3420000000,1.1571348375,2.3520000000,1.1610016275,2.3620000000,1.1648468182,2.3720000000,1.1686745656,2.3820000000,1.1724890885,2.3920000000,1.1762946533,2.4020000000,1.1800955589,2.4120000000,1.1838961205,2.4220000000,1.1877006548,2.4320000000,1.1915134644,2.4420000000,1.1953388217,2.4520000000,1.1991809542,2.4620000000,1.2030440290,2.4720000000,1.2069321378,2.4820000000,1.2108492821,2.4920000000,1.2147993592,2.5020000000,1.2187861476,2.5120000000,1.2228132937,2.5220000000,1.2268842988,2.5320000000,1.2310025062,2.5420000000,1.2351710896,2.5520000000,1.2393930410,2.5620000000,1.2436711606,2.5720000000,1.2480080463,2.5820000000,1.2524060848,2.5920000000,1.2568674424,2.6020000000,1.2613940575,2.6120000000,1.2659876340,2.6220000000,1.2706496345,2.6320000000,1.2753812754,2.6420000000,1.2801835225,2.3470000000
2000/09/30,2.0540000000,1.0227951600,2.0640000000,1.0283105288,2.0740000000,1.0337599995,2.0840000000,1.0391419545,2.0940000000,1.0444550191,2.1040000000,1.0496980667,2.1140000000,1.0548702225,2.1240000000,1.0599708669,2.1340000000,1.0649996378,2.1440000000,1.0699564316,2.1540000000,1.0748414038,2.1640000000,1.0796549683,2.1740000000,1.0843977962,2.1840000000,1.0890708130,2.1940000000,1.0936751954,2.2040000000,1.0982123673,2.2140000000,1.1026839944,2.2240000000,1.1070919782,2.2340000000,1.1114384493,2.2440000000,1.1157257597,2.2540000000,1.1199564744,2.2640000000,1.1241333619,2.2740000000,1.1282593846,2.2840000000,1.1323376878,2.2940000000,1.1363715887,2.3040000000,1.1403645641,2.3140000000,1.1443202383,2.3240000000,1.1482423697,2.3340000000,1.1521348375,2.3440000000,1.1560016275,2.3540000000,1.1598468182,2.3640000000,1.1636745656,2.3740000000,1.1674890885,2.3840000000,1.1712946533,2.3940000000,1.1750955589,2.4040000000,1.1788961205,2.4140000000,1.1827006548,2.4240000000,1.1865134644,2.4340000000,1.1903388217,2.4440000000,1.1941809542,2.4540000000,1.1980440290,2.4640000000,1.2019321378,2.4740000000,1.2058492821,2.4840000000,1.2097993592,2.4940000000,1.2137861476,2.5040000000,1.2178132937,2.5140000000,1.2218842988,2.5240000000,1.2260025062,2.5340000000,1.2301710896,2.5440000000,1.2343930410,2.5540000000,1.2386711606,2.5640000000,1.2430080463,2.5740000000,1.2474060848,2.5840000000,1.2518674424,2.5940000000,1.2563940575,2.6040000000,1.2609876340,2.6140000000,1.2656496345,2.6240000000,1.2703812754,2.6340000000,1.2751835225,2.6440000000,1.2800570876,2.3490000000
2000/12/31,2.0560000000,1.0233105288,2.0660000000,1.0287599995,2.0760000000,1.0341419545,2.0860000000,1.0394550191,2.0960000000,1.0446980667,2.1060000000,1.0498702225,2.1160000000,1.0549708669,2.1260000000,1.0599996378,2.1360000000,1.0649564316,2.1460000000,1.0698414038,2.1560000000,1.0746549683,2.1660000000,1.0793977962,2.1760000000,1.0840708130,2.1860000000,1.0886751954,2.1960000000,1.0932123673,2.2060000000,1.0976839944,2.2160000000,1.1020919782,2.2260000000,1.1064384493,2.2360000000,1.1107257597,2.2460000000,1.1149564744,2.2560000000,1.1191333619,2.2660000000,1.1232593846,2.2760000000,1.1273376878,2.2860000000,1.1313715887,2.2960000000,1.1353645641,2.3060000000,1.1393202383,2.3160000000,1.1432423697,2.3260000000,1.1471348375,2.3360000000,1.1510016275,2.3460000000,1.1548468182,2.3560000000,1.1586745656,2.3660000000,1.1624890885,2.3760000000,1.1662946533,2.3860000000,1.1700955589,2.3960000000,1.1738961205,2.4060000000,1.1777006548,2.4160000000,1.1815134644,2.4260000000,1.1853388217,2.4360000000,1.1891809542,2.4460000000,1.1930440290,2.4560000000,1.1969321378,2.4660000000,1.2008492821,2.4760000000,1.2047993592,2.4860000000,1.2087861476,2.4960000000,1.2128132937,2.5060000000,1.2168842988,2.5160000000,1.2210025062,2.5260000000,1.2251710896,2.5360000000,1.2293930410,2.5460000000,1.2336711606,2.5560000000,1.2380080463,2.5660000000,1.2424060848,2.5760000000,1.2468674424,2.5860000000,1.2513940575,2.5960000000,1.2559876340,2.6060000000,1.2606496345,2.6160000000,1.2653812754,2.6260000000,1.2701835225,2.6360000000,1.2750570876,2.6460000000,1.2800024255,2.3510000000
2001/03/31,2.0580000000,1.0237599995,2.0680000000,1.0291419545,2.0780000000,1.0344550191,2.0880000000,1.0396980667,2.0980000000,1.0448702225,2.1080000000,1.0499708669,2.1180000000,1.0549996378,2.1280000000,1.0599564316,2.1380000000,1.0648414038,2.1480000000,1.0696549683,2.1580000000,1.0743977962,2.1680000000,1.0790708130,2.1780000000,1.0836751954,2.1880000000,1.0882123673,2.1980000000,1.0926839944,2.2080000000,1.0970919782,2.2180000000,1.1014384493,2.2280000000,1.1057257597,2.2380000000,1.1099564744,2.2480000000,1.1141333619,2.2580000000,1.1182593846,2.2680000000,1.1223376878,2.2780000000,1.1263715887,2.2880000000,1.1303645641,2.2980000000,1.1343202383,2.3080000000,1.1382423697,2.3180000000,1.1421348375,2.3280000000,1.1460016275,2.3380000000,1.1498468182,2.3480000000,1.1536745656,2.3580000000,1.1574890885,2.3680000000,1.1612946533,2.3780000000,1.1650955589,2.3880000000,1.1688961205,2.3980000000,1.1727006548,2.4080000000,1.1765134644,2.4180000000,1.1803388217,2.4280000000,1.1841809542,2.4380000000,1.1880440290,2.4480000000,1.1919321378,2.4580000000,1.1958492821,2.4680000000,1.1997993592,2.4780000000,1.2037861476,2.4880000000,1.2078132937,2.4980000000,1.2118842988,2.5080000000,1.2160025062,2.5180000000,1.2201710896,2.5280000000,1.2243930410,2.5380000000,1.2286711606,2.5480000000,1.2330080463,2.5580000000,1.2374060848,2.5680000000,1.2418674424,2.5780000000,1.2463940575,2.5880000000,1.2509876340,2.5980000000,1.2556496345,2.6080000000,1.2603812754,2.6180000000,1.2651835225,2.6280000000,1.2700570876,2.6380000000,1.2750024255,2.6480000000,1.2800197332,2.3530000000
2001/06/30,2.0600000000,1.0241419545,2.0700000000,1.0294550191,2.0800000000,1.0346980667,2.0900000000,1.0398702225,2.1000000000,1.0449708669,2.1100000000,1.0499996378,2.1200000000,1.0549564316,2.1300000000,1.0598414038,2.1400000000,1.0646549683,2.1500000000,1.0693977962,2.1600000000,1.0740708130,2.1700000000,1.0786751954,2.1800000000,1.0832123673,2.1900000000,1.0876839944,2.2000000000,1.0920919782,2.2100000000,1.0964384493,2.2200000000,1.1007257597,2.2300000000,1.1049564744,2.2400000000,1.1091333619,2.2500000000,1.1132593846,2.2600000000,1.1173376878,2.2700000000,1.1213715887,2.2800000000,1.1253645641,2.2900000000,1.1293202383,2.3000000000,1.1332423697,2.3100000000,1.1371348375,2.3200000000,1.1410016275,2.3300000000,1.1448468182,2.3400000000,1.1486745656,2.3500000000,1.1524890885,2.3600000000,1.1562946533,2.3700000000,1.1600955589,2.3800000000,1.1638961205,2.3900000000,1.1677006548,2.4000000000,1.1715134644,2.4100000000,1.1753388217,2.4200000000,1.1791809542,2.4300000000,1.1830440290,2.4400000000,1.1869321378,2.4500000000,1.1908492821,2.4600000000,1.1947993592,2.4700000000,1.1987861476,2.4800000000,1.2028132937,2.4900000000,1.2068842988,2.5000000000,1.2110025062,2.5100000000,1.2151710896,2.5200000000,1.2193930410,2.5300000000,1.2236711606,2.5400000000,1.2280080463,2.5500000000,1.2324060848,2.5600000000,1.2368674424,2.5700000000,1.2413940575,2.5800000000,1.2459876340,2.5900000000,1.2506496345,2.6000000000,1.2553812754,2.6100000000,1.2601835225,2.6200000000,1.2650570876,2.6300000000,1.2700024255,2.6400000000,1.2750197332,2.6500000000,1.2801089482,2.3550000000
2001/09/30,2.0620000000,1.0244550191,2.0720000000,1.0296980667,2.0820000000,1.0348702225,2.0920000000,1.0399708669,2.1020000000,1.0449996378,2.1120000000,1.0499564316,2.1220000000,1.0548414038,2.1320000000,1.0596549683,2.1420000000,1.0643977962,2.1520000000,1.0690708130,2.1620000000,1.0736751954,2.1720000000,1.0782123673,2.1820000000,1.0826839944,2.1920000000,1.0870919782,2.2020000000,1.0914384493,2.2120000000,1.0957257597,2.2220000000,1.0999564744,2.2320000000,1.1041333619,2.2420000000,1.1082593846,2.2520000000,1.1123376878,2.2620000000,1.1163715887,2.2720000000,1.1203645641,2.2820000000,1.1243202383,2.2920000000,1.1282423697,2.3020000000,1.1321348375,2.3120000000,1.1360016275,2.3220000000,1.1398468182,2.3320000000,1.1436745656,2.3420000000,1.1474890885,2.3520000000,1.1512946533,2.3620000000,1.1550955589,2.3720000000,1.1588961205,2.3820000000,1.1627006548,2.3920000000,1.1665134644,2.4020000000,1.1703388217,2.4120000000,1.1741809542,2.4220000000,1.1780440290,2.4320000000,1.1819321378,2.4420000000,1.1858492821,2.4520000000,1.1897993592,2.4620000000,1.1937861476,2.4720000000,1.1978132937,2.4820000000,1.2018842988,2.4920000000,1.2060025062,2.5020000000,1.2101710896,2.5120000000,1.2143930410,2.5220000000,1.2186711606,2.5320000000,1.2230080463,2.5420000000,1.2274060848,2.5520000000,1.2318674424,2.5620000000,1.2363940575,2.5720000000,1.2409876340,2.5820000000,1.2456496345,2.5920000000,1.2503812754,2.6020000000,1.2551835225,2.6120000000,1.2600570876,2.6220000000,1.2650024255,2.6320000000,1.2700197332,2.6420000000,1.2751089482,2.6520000000,1.2802697496,2.3570000000
2001/12/31,2.0640000000,1.0246980667,2.0740000000,1.0298702225,2.0840000000,1.0349708669,2.0940000000,1.0399996378,2.1040000000,1.0449564316,2.1140000000,1.0498414038,2.1240000000,1.0546549683,2.1340000000,1.0593977962,2.1440000000,1.0640708130,2.1540000000,1.0686751954,2.1640000000,1.0732123673,2.1740000000,1.0776839944,2.1840000000,1.0820919782,2.1940000000,1.0864384493,2.2040000000,1.0907257597,2.2140000000,1.0949564744,2.2240000000,1.0991333619,2.2340000000,1.1032593846,2.2440000000,1.1073376878,2.2540000000,1.1113715887,2.2640000000,1.1153645641,2.2740000000,1.1193202383,2.2840000000,1.1232423697,2.2940000000,1.1271348375,2.3040000000,1.1310016275,2.3140000000,1.1348468182,2.3240000000,1.1386745656,2.3340000000,1.1424890885,2.3440000000,1.1462946533,2.3540000000,1.1500955589,2.3640000000,1.1538961205,2.3740000000,1.1577006548,2.3840000000,1.1615134644,2.3940000000,1.1653388217,2.4040000000,1.1691809542,2.4140000000,1.1730440290,2.4240000000,1.1769321378,2.4340000000,1.1808492821,2.4440000000,1.1847993592,2.4540000000,1.1887861476,2.4640000000,1.1928132937,2.4740000000,1.1968842988,2.4840000000,1.2010025062,2.4940000000,1.2051710896,2.5040000000,1.2093930410,2.5140000000,1.2136711606,2.5240000000,1.2180080463,2.5340000000,1.2224060848,2.5440000000,1.2268674424,2.5540000000,1.2313940575,2.5640000000,1.2359876340,2.5740000000,1.2406496345,2.5840000000,1.2453812754,2.5940000000,1.2501835225,2.6040000000,1.2550570876,2.6140000000,1.2600024255,2.6240000000,1.2650197332,2.6340000000,1.2701089482,2.6440000000,1.2752697496,2.6540000000,1.2805015585,2.3590000000
2002/03/31,2.0660000000,1.0248702225,2.0760000000,1.0299708669,2.0860000000,1.0349996378,2.0960000000,1.0399564316,2.1060000000,1.0448414038,2.1160000000,1.0496549683,2.1260000000,1.0543977962,2.1360000000,1.0590708130,2.1460000000,1.0636751954,2.1560000000,1.0682123673,2.1660000000,1.0726839944,2.1760000000,1.0770919782,2.1860000000,1.0814384493,2.1960000000,1.0857257597,2.2060000000,1.0899564744,2.2160000000,1.0941333619,2.2260000000,1.0982593846,2.2360000000,1.1023376878,2.2460000000,1.1063715887,2.2560000000,1.1103645641,2.2660000000,1.1143202383,2.2760000000,1.1182423697,2.2860000000,1.1221348375,2.2960000000,1.1260016275,2.3060000000,1.1298468182,2.3160000000,1.1336745656,2.3260000000,1.1374890885,2.3360000000,1.1412946533,2.3460000000,1.1450955589,2.3560000000,1.1488961205,2.3660000000,1.1527006548,2.3760000000,1.1565134644,2.3860000000,1.1603388217,2.3960000000,1.1641809542,2.4060000000,1.1680440290,2.4160000000,1.1719321378,2.4260000000,1.1758492821,2.4360000000,1.1797993592,2.4460000000,1.1837861476,2.4560000000,1.1878132937,2.4660000000,1.1918842988,2.4760000000,1.1960025062,2.4860000000,1.2001710896,2.4960000000,1.2043930410,2.5060000000,1.2086711606,2.5160000000,1.2130080463,2.5260000000,1.2174060848,2.5360000000,1.2218674424,2.5460000000,1.2263940575,2.5560000000,1.2309876340,2.5660000000,1.2356496345,2.5760000000,1.2403812754,2.5860000000,1.2451835225,2.5960000000,1.2500570876,2.6060000000,1.2550024255,2.6160000000,1.2600197332,2.6260000000,1.2651089482,2.6360000000,1.2702697496,2.6460000000,1.2755015585,2.6560000000,1.2808035408,2.3610000000
2002/06/30,2.0680000000,1.0249708669,2.0780000000,1.0299996378,2.0880000000,1.0349564316,2.0980000000,1.0398414038,2.1080000000,1.0446549683,2.1180000000,1.0493977962,2.1280000000,1.0540708130,2.1380000000,1.0586751954,2.1480000000,1.0632123673,2.1580000000,1.0676839944,2.1680000000,1.0720919782,2.1780000000,1.0764384493,2.1880000000,1.0807257597,2.1980000000,1.0849564744,2.2080000000,1.0891333619,2.2180000000,1.0932593846,2.2280000000,1.0973376878,2.2380000000,1.1013715887,2.2480000000,1.1053645641,2.2580000000,1.1093202383,2.2680000000,1.1132423697,2.2780000000,1.1171348375,2.2880000000,1.1210016275,2.2980000000,1.1248468182,2.3080000000,1.1286745656,2.3180000000,1.1324890885,2.3280000000,1.1362946533,2.3380000000,1.1400955589,2.3480000000,1.1438961205,2.3580000000,1.1477006548,2.3680000000,1.1515134644,2.3780000000,1.1553388217,2.3880000000,1.1591809542,2.3980000000,1.1630440290,2.4080000000,1.1669321378,2.4180000000,1.1708492821,2.4280000000,1.1747993592,2.4380000000,1.1787861476,2.4480000000,1.1828132937,2.4580000000,1.1868842988,2.4680000000,1.1910025062,2.4780000000,1.1951710896,2.4880000000,1.1993930410,2.4980000000,1.2036711606,2.5080000000,1.2080080463,2.5180000000,1.2124060848,2.5280000000,1.2168674424,2.5380000000,1.2213940575,2.5480000000,1.2259876340,2.5580000000,1.2306496345,2.5680000000,1.2353812754,2.5780000000,1.2401835225,2.5880000000,1.2450570876,2.5980000000,1.2500024255,2.6080000000,1.2550197332,2.6180000000,1.2601089482,2.6280000000,1.2652697496,2.6380000000,1.2705015585,2.6480000000,1.2758035408,2.6580000000,1.2811746096,2.3630000000
2002/09/30,2.0700000000,1.0249996378,2.0800000000,1.0299564316,2.0900000000,1.0348414038,2.1000000000,1.0396549683,2.1100000000,1.0443977962,2.1200000000,1.0490708130,2.1300000000,1.0536751954,2.1400000000,1.0582123673,2.1500000000,1.0626839944,2.1600000000,1.0670919782,2.1700000000,1.0714384493,2.1800000000,1.0757257597,2.1900000000,1.0799564744,2.2000000000,1.0841333619,2.2100000000,1.0882593846,2.2200000000,1.0923376878,2.2300000000,1.0963715887,2.2400000000,1.1003645641,2.2500000000,1.1043202383,2.2600000000,1.1082423697,2.2700000000,1.1121348375,2.2800000000,1.1160016275,2.2900000000,1.1198468182,2.3000000000,1.1236745656,2.3100000000,1.1274890885,2.3200000000,1.1312946533,2.3300000000,1.1350955589,2.3400000000,1.1388961205,2.3500000000,1.1427006548,2.3600000000,1.1465134644,2.3700000000,1.1503388217,2.3800000000,1.1541809542,2.3900000000,1.1580440290,2.4000000000,1.1619321378,2.4100000000,1.1658492821,2.4200000000,1.1697993592,2.4300000000,1.1737861476,2.4400000000,1.1778132937,2.4500000000,1.1818842988,2.4600000000,1.1860025062,2.4700000000,1.1901710896,2.4800000000,1.1943930410,2.4900000000,1.1986711606,2.5000000000,1.2030080463,2.5100000000,1.2074060848,2.5200000000,1.2118674424,2.5300000000,1.2163940575,2.5400000000,1.2209876340,2.5500000000,1.2256496345,2.5600000000,1.2303812754,2.5700000000,1.2351835225,2.5800000000,1.2400570876,2.5900000000,1.2450024255,2.6000000000,1.2500197332,2.6100000000,1.2551089482,2.6200000000,1.2602697496,2.6300000000,1.2655015585,2.6400000000,1.2708035408,2.6500000000,1.2761746096,2.6600000000,1.2816134295,2.3650000000
2002/12/31,2.0720000000,1.0249564316,2.0820000000,1.0298414038,2.0920000000,1.0346549683,2.1020000000,1.0393977962,2.1120000000,1.0440708130,2.1220000000,1.0486751954,2.1320000000,1.0532123673,2.1420000000,1.0576839944,2.1520000000,1.0620919782,2.1620000000,1.0664384493,2.1720000000,1.0707257597,2.1820000000,1.0749564744,2.1920000000,1.0791333619,2.2020000000,1.0832593846,2.2120000000,1.0873376878,2.2220000000,1.0913715887,2.2320000000,1.0953645641,2.2420000000,1.0993202383,2.2520000000,1.1032423697,2.2620000000,1.1071348375,2.2720000000,1.1110016275,2.2820000000,1.1148468182,2.2920000000,1.1186745656,2.3020000000,1.1224890885,2.3120000000,1.1262946533,2.3220000000,1.1300955589,2.3320000000,1.1338961205,2.3420000000,1.1377006548,2.3520000000,1.1415134644,2.3620000000,1.1453388217,2.3720000000,1.1491809542,2.3820000000,1.1530440290,2.3920000000,1.1569321378,2.4020000000,1.1608492821,2.4120000000,1.1647993592,2.4220000000,1.1687861476,2.4320000000,1.1728132937,2.4420000000,1.1768842988,2.4520000000,1.1810025062,2.4620000000,1.1851710896,2.4720000000,1.1893930410,2.4820000000,1.1936711606,2.4920000000,1.1980080463,2.5020000000,1.2024060848,2.5120000000,1.2068674424,2.5220000000,1.2113940575,2.5320000000,1.2159876340,2.5420000000,1.2206496345,2.5520000000,1.2253812754,2.5620000000,1.2301835225,2.5720000000,1.2350570876,2.5820000000,1.2400024255,2.5920000000,1.2450197332,2.6020000000,1.2501089482,2.6120000000,1.2552697496,2.6220000000,1.2605015585,2.6320000000,1.2658035408,2.6420000000,1.2711746096,2.6520000000,1.2766134295,2.6620000000,1.2821184212,2.3670000000
2003/03/31,2.0740000000,1.0248414038,2.0840000000,1.0296549683,2.0940000000,1.0343977962,2.1040000000,1.0390708130,2.1140000000,1.0436751954,2.1240000000,1.0482123673,2.1340000000,1.0526839944,2.1440000000,1.0570919782,2.1540000000,1.0614384493,2.1640000000,1.0657257597,2.1740000000,1.0699564744,2.1840000000,1.0741333619,2.1940000000,1.0782593846,2.2040000000,1.0823376878,2.2140000000,1.0863715887,2.2240000000,1.0903645641,2.2340000000,1.0943202383,2.2440000000,1.0982423697,2.2540000000,1.1021348375,2.2640000000,1.1060016275,2.2740000000,1.1098468182,2.2840000000,1.1136745656,2.2940000000,1.1174890885,2.3040000000,1.1212946533,2.3140000000,1.1250955589,2.3240000000,1.1288961205,2.3340000000,1.1327006548,2.3440000000,1.1365134644,2.3540000000,1.1403388217,2.3640000000,1.1441809542,2.3740000000,1.1480440290,2.3840000000,1.1519321378,2.3940000000,1.1558492821,2.4040000000,1.1597993592,2.4140000000,1.1637861476,2.4240000000,1.1678132937,2.4340000000,1.1718842988,2.4440000000,1.1760025062,2.4540000000,1.1801710896,2.4640000000,1.1843930410,2.4740000000,1.1886711606,2.4840000000,1.1930080463,2.4940000000,1.1974060848,2.5040000000,1.2018674424,2.5140000000,1.2063940575,2.5240000000,1.2109876340,2.5340000000,1.2156496345,2.5440000000,1.2203812754,2.5540000000,1.2251835225,2.5640000000,1.2300570876,2.5740000000,1.2350024255,2.5840000000,1.2400197332,2.5940000000,1.2451089482,2.6040000000,1.2502697496,2.6140000000,1.2555015585,2.6240000000,1.2608035408,2.6340000000,1.2661746096,2.6440000000,1.2716134295,2.6540000000,1.2771184212,2.6640000000,1.2826877672,2.3690000000
2003/06/30,2.0760000000,1.0246549683,2.0860000000,1.0293977962,2.0960000000,1.0340708130,2.1060000000,1.0386751954,2.1160000000,1.0432123673,2.1260000000,1.0476839944,2.1360000000,1.0520919782,2.1460000000,1.0564384493,2.1560000000,1.0607257597,2.1660000000,1.0649564744,2.1760000000,1.0691333619,2.1860000000,1.0732593846,2.1960000000,1.0773376878,2.2060000000,1.0813715887,2.2160000000,1.0853645641,2.2260000000,1.0893202383,2.2360000000,1.0932423697,2.2460000000,1.0971348375,2.2560000000,1.1010016275,2.2660000000,1.1048468182,2.2760000000,1.1086745656,2.2860000000,1.1124890885,2.2960000000,1.1162946533,2.3060000000,1.1200955589,2.3160000000,1.1238961205,2.3260000000,1.1277006548,2.3360000000,1.1315134644,2.3460000000,1.1353388217,2.3560000000,1.1391809542,2.3660000000,1.1430440290,2.3760000000,1.1469321378,2.3860000000,1.1508492821,2.3960000000,1.1547993592,2.4060000000,1.1587861476,2.4160000000,1.1628132937,2.4260000000,1.1668842988,2.4360000000,1.1710025062,2.4460000000,1.1751710896,2.4560000000,1.1793930410,2.4660000000,1.1836711606,2.4760000000,1.1880080463,2.4860000000,1.1924060848,2.4960000000,1.1968674424,2.5060000000,1.2013940575,2.5160000000,1.2059876340,2.5260000000,1.2106496345,2.5360000000,1.2153812754,2.5460000000,1.2201835225,2.5560000000,1.2250570876,2.5660000000,1.2300024255,2.5760000000,1.2350197332,2.5860000000,1.2401089482,2.5960000000,1.2452697496,2.6060000000,1.2505015585,2.6160000000,1.2558035408,2.6260000000,1.2611746096,2.6360000000,1.2666134295,2.6460000000,1.2721184212,2.6560000000,1.2776877672,2.6660000000,1.2833194186,2.3710000000
2003/09/30,2.0780000000,1.0243977962,2.0880000000,1.0290708130,2.0980000000,1.0336751954,2.1080000000,1.0382123673,2.1180000000,1.0426839944,2.1280000000,1.0470919782,2.1380000000,1.0514384493,2.1480000000,1.0557257597,2.1580000000,1.0599564744,2.1680000000,1.0641333619,2.1780000000,1.0682593846,2.1880000000,1.0723376878,2.1980000000,1.0763715887,2.2080000000,1.0803645641,2.2180000000,1.0843202383,2.2280000000,1.0882423697,2.2380000000,1.0921348375,2.2480000000,1.0960016275,2.2580000000,1.0998468182,2.2680000000,1.1036745656,2.2780000000,1.1074890885,2.2880000000,1.1112946533,2.2980000000,1.1150955589,2.3080000000,1.1188961205,2.3180000000,1.1227006548,2.3280000000,1.1265134644,2.3380000000,1.1303388217,2.3480000000,1.1341809542,2.3580000000,1.1380440290,2.3680000000,1.1419321378,2.3780000000,1.1458492821,2.3880000000,1.1497993592,2.3980000000,1.1537861476,2.4080000000,1.1578132937,2.4180000000,1.1618842988,2.4280000000,1.1660025062,2.4380000000,1.1701710896,2.4480000000,1.1743930410,2.4580000000,1.1786711606,2.4680000000,1.1830080463,2.4780000000,1.1874060848,2.4880000000,1.1918674424,2.4980000000,1.1963940575,2.5080000000,1.2009876340,2.5180000000,1.2056496345,2.5280000000,1.2103812754,2.5380000000,1.2151835225,2.5480000000,1.2200570876,2.5580000000,1.2250024255,2.5680000000,1.2300197332,2.5780000000,1.2351089482,2.5880000000,1.2402697496,2.5980000000,1.2455015585,2.6080000000,1.2508035408,2.6180000000,1.2561746096,2.6280000000,1.2616134295,2.6380000000,1.2671184212,2.6480000000,1.2726877672,2.6580000000,1.2783194186,2.6680000000,1.2840111021,2.3730000000
2003/12/31,2.0800000000,1.0240708130,2.0900000000,1.0286751954,2.1000000000,1.0332123673,2.1100000000,1.0376839944,2.1200000000,1.0420919782,2.1300000000,1.0464384493,2.1400000000,1.0507257597,2.1500000000,1.0549564744,2.1600000000,1.0591333619,2.1700000000,1.0632593846,2.1800000000,1.0673376878,2.1900000000,1.0713715887,2.2000000000,1.0753645641,2.2100000000,1.0793202383,2.2200000000,1.0832423697,2.2300000000,1.0871348375,2.2400000000,1.0910016275,2.2500000000,1.0948468182,2.2600000000,1.0986745656,2.2700000000,1.1024890885,2.2800000000,1.1062946533,2.2900000000,1.1100955589,2.3000000000,1.1138961205,2.3100000000,1.1177006548,2.3200000000,1.1215134644,2.3300000000,1.1253388217,2.3400000000,1.1291809542,2.3500000000,1.1330440290,2.3600000000,1.1369321378,2.3700000000,1.1408492821,2.3800000000,1.1447993592,2.3900000000,1.1487861476,2.4000000000,1.1528132937,2.4100000000,1.1568842988,2.4200000000,1.1610025062,2.4300000000,1.1651710896,2.4400000000,1.1693930410,2.4500000000,1.1736711606,2.4600000000,1.1780080463,2.4700000000,1.1824060848,2.4800000000,1.1868674424,2.4900000000,1.1913940575,2.5000000000,1.1959876340,2.5100000000,1.2006496345,2.5200000000,1.2053812754,2.5300000000,1.2101835225,2.5400000000,1.2150570876,2.5500000000,1.2200024255,2.5600000000,1.2250197332,2.5700000000,1.2301089482,2.5800000000,1.2352697496,2.5900000000,1.2405015585,2.6000000000,1.2458035408,2.6100000000,1.2511746096,2.6200000000,1.2566134295,2.6300000000,1.2621184212,2.6400000000,1.2676877672,2.6500000000,1.2733194186,2.6600000000,1.2790111021,2.6700000000,1.2847603283,2.3750000000
2004/03/31,2.0820000000,1.0236751954,2.0920000000,1.0282123673,2.1020000000,1.0326839944,2.1120000000,1.0370919782,2.1220000000,1.0414384493,2.1320000000,1.0457257597,2.1420000000,1.0499564744,2.1520000000,1.0541333619,2.1620000000,1.0582593846,2.1720000000,1.0623376878,2.1820000000,1.0663715887,2.1920000000,1.0703645641,2.2020000000,1.0743202383,2.2120000000,1.0782423697,2.2220000000,1.0821348375,2.2320000000,1.0860016275,2.2420000000,1.0898468182,2.2520000000,1.0936745656,2.2620000000,1.0974890885,2.2720000000,1.1012946533,2.2820000000,1.1050955589,2.2920000000,1.1088961205,2.3020000000,1.1127006548,2.3120000000,1.1165134644,2.3220000000,1.1203388217,2.3320000000,1.1241809542,2.3420000000,1.1280440290,2.3520000000,1.1319321378,2.3620000000,1.1358492821,2.3720000000,1.1397993592,2.3820000000,1.1437861476,2.3920000000,1.1478132937,2.4020000000,1.1518842988,2.4120000000,1.1560025062,2.4220000000,1.1601710896,2.4320000000,1.1643930410,2.4420000000,1.1686711606,2.4520000000,1.1730080463,2.4620000000,1.1774060848,2.4720000000,1.1818674424,2.4820000000,1.1863940575,2.4920000000,1.1909876340,2.5020000000,1.1956496345,2.5120000000,1.2003812754,2.5220000000,1.2051835225,2.5320000000,1.2100570876,2.5420000000,1.2150024255,2.5520000000,1.2200197332,2.5620000000,1.2251089482,2.5720000000,1.2302697496,2.5820000000,1.2355015585,2.5920000000,1.2408035408,2.6020000000,1.2461746096,2.6120000000,1.2516134295,2.6220000000,1.2571184212,2.6320000000,1.2626877672,2.6420000000,1.2683194186,2.6520000000,1.2740111021,2.6620000000,1.2797603283,2.6720000000,1.2855644009,2.3770000000
2004/06/30,2.0840000000,1.0232123673,2.0940000000,1.0276839944,2.1040000000,1.0320919782,2.1140000000,1.0364384493,2.1240000000,1.0407257597,2.1340000000,1.0449564744,2.1440000000,1.0491333619,2.1540000000,1.0532593846,2.1640000000,1.0573376878,2.1740000000,1.0613715887,2.1840000000,1.0653645641,2.1940000000,1.0693202383,2.2040000000,1.0732423697,2.2140000000,1.0771348375,2.2240000000,1.0810016275,2.2340000000,1.0848468182,2.2440000000,1.0886745656,2.2540000000,1.0924890885,2.2640000000,1.0962946533,2.2740000000,1.1000955589,2.2840000000,1.1038961205,2.2940000000,1.1077006548,2.3040000000,1.1115134644,2.3140000000,1.1153388217,2.3240000000,1.1191809542,2.3340000000,1.1230440290,2.3440000000,1.1269321378,2.3540000000,1.1308492821,2.3640000000,1.1347993592,2.3740000000,1.1387861476,2.3840000000,1.1428132937,2.3940000000,1.1468842988,2.4040000000,1.1510025062,2.4140000000,1.1551710896,2.4240000000,1.1593930410,2.4340000000,1.1636711606,2.4440000000,1.1680080463,2.4540000000,1.1724060848,2.4640000000,1.1768674424,2.4740000000,1.1813940575,2.4840000000,1.1859876340,2.4940000000,1.1906496345,2.5040000000,1.1953812754,2.5140000000,1.2001835225,2.5240000000,1.2050570876,2.5340000000,1.2100024255,2.5440000000,1.2150197332,2.5540000000,1.2201089482,2.5640000000,1.2252697496,2.5740000000,1.2305015585,2.5840000000,1.2358035408,2.5940000000,1.2411746096,2.6040000000,1.2466134295,2.6140000000,1.2521184212,2.6240000000,1.2576877672,2.6340000000,1.2633194186,2.6440000000,1.2690111021,2.6540000000,1.2747603283,2.6640000000,1.2805644009,2.6740000000,1.2864204261,2.3790000000
2004/09/30,2.0860000000,1.0226839944,2.0960000000,1.0270919782,2.1060000000,1.0314384493,2.1160000000,1.0357257597,2.1260000000,1.0399564744,2.1360000000,1.0441333619,2.1460000000,1.0482593846,2.1560000000,1.0523376878,2.1660000000,1.0563715887,2.1760000000,1.0603645641,2.1860000000,1.0643202383,2.1960000000,1.0682423697,2.2060000000,1.0721348375,2.2160000000,1.0760016275,2.2260000000,1.0798468182,2.2360000000,1.0836745656,2.2460000000,1.0874890885,2.2560000000,1.0912946533,2.2660000000,1.0950955589,2.2760000000,1.0988961205,2.2860000000,1.1027006548,2.2960000000,1.1065134644,2.3060000000,1.1103388217,2.3160000000,1.1141809542,2.3260000000,1.1180440290,2.3360000000,1.1219321378,2.3460000000,1.1258492821,2.3560000000,1.1297993592,2.3660000000,1.1337861476,2.3760000000,1.1378132937,2.3860000000,1.1418842988,2.3960000000,1.1460025062,2.4060000000,1.1501710896,2.4160000000,1.1543930410,2.4260000000,1.1586711606,2.4360000000,1.1630080463,2.4460000000,1.1674060848,2.4560000000,1.1718674424,2.4660000000,1.1763940575,2.4760000000,1.1809876340,2.4860000000,1.1856496345,2.4960000000,1.1903812754,2.5060000000,1.1951835225,2.5160000000,1.2000570876,2.5260000000,1.2050024255,2.5360000000,1.2100197332,2.5460000000,1.2151089482,2.5560000000,1.2202697496,2.5660000000,1.2255015585,2.5760000000,1.2308035408,2.5860000000,1.2361746096,2.5960000000,1.2416134295,2.6060000000,1.2471184212,2.6160000000,1.2526877672,2.6260000000,1.2583194186,2.6360000000,1.2640111021,2.6460000000,1.2697603283,2.6560000000,1.2755644009,2.6660000000,1.2814204261,2.6760000000,1.2873253231,2.3810000000
2004/12/31,2.0880000000,1.0220919782,2.0980000000,1.0264384493,2.1080000000,1.0307257597,2.1180000000,1.0349564744,2.1280000000,1.0391333619,2.1380000000,1.0432593846,2.1480000000,1.0473376878,2.1580000000,1.0513715887,2.1680000000,1.0553645641,2.1780000000,1.0593202383,2.1880000000,1.0632423697,2.1980000000,1.0671348375,2.2080000000,1.0710016275,2.2180000000,1.0748468182,2.2280000000,1.0786745656,2.2380000000,1.0824890885,2.2480000000,1.0862946533,2.2580000000,1.0900955589,2.2680000000,1.0938961205,2.2780000000,1.0977006548,2.2880000000,1.1015134644,2.2980000000,1.1053388217,2.3080000000,1.1091809542,2.3180000000,1.1130440290,2.3280000000,1.1169321378,2.3380000000,1.1208492821,2.3480000000,1.1247993592,2.3580000000,1.1287861476,2.3680000000,1.1328132937,2.3780000000,1.1368842988,2.3880000000,1.1410025062,2.3980000000,1.1451710896,2.4080000000,1.1493930410,2.4180000000,1.1536711606,2.4280000000,1.1580080463,2.4380000000,1.1624060848,2.4480000000,1.1668674424,2.4580000000,1.1713940575,2.4680000000,1.1759876340,2.4780000000,1.1806496345,2.4880000000,1.1853812754,2.4980000000,1.1901835225,2.5080000000,1.1950570876,2.5180000000,1.2000024255,2.5280000000,1.2050197332,2.5380000000,1.2101089482,2.5480000000,1.2152697496,2.5580000000,1.2205015585,2.5680000000,1.2258035408,2.5780000000,1.2311746096,2.5880000000,1.2366134295,2.5980000000,1.2421184212,2.6080000000,1.2476877672,2.6180000000,1.2533194186,2.6280000000,1.2590111021,2.6380000000,1.2647603283,2.6480000000,1.2705644009,2.6580000000,1.2764204261,2.6680000000,1.2823253231,2.6780000000,1.2882758352,2.3830000000
2005/03/31,2.0900000000,1.0214384493,2.1000000000,1.0257257597,2.1100000000,1.0299564744,2.1200000000,1.0341333619,2.1300000000,1.0382593846,2.1400000000,1.0423376878,2.1500000000,1.0463715887,2.1600000000,1.0503645641,2.1700000000,1.0543202383,2.1800000000,1.0582423697,2.1900000000,1.0621348375,2.2000000000,1.0660016275,2.2100000000,1.0698468182,2.2200000000,1.0736745656,2.2300000000,1.0774890885,2.2400000000,1.0812946533,2.2500000000,1.0850955589,2.2600000000,1.0888961205,2.2700000000,1.0927006548,2.2800000000,1.0965134644,2.2900000000,1.1003388217,2.3000000000,1.1041809542,2.3100000000,1.1080440290,2.3200000000,1.1119321378,2.3300000000,1.1158492821,2.3400000000,1.1197993592,2.3500000000,1.1237861476,2.3600000000,1.1278132937,2.3700000000,1.1318842988,2.3800000000,1.1360025062,2.3900000000,1.1401710896,2.4000000000,1.1443930410,2.4100000000,1.1486711606,2.4200000000,1.1530080463,2.4300000000,1.1574060848,2.4400000000,1.1618674424,2.4500000000,1.1663940575,2.4600000000,1.1709876340,2.4700000000,1.1756496345,2.4800000000,1.1803812754,2.4900000000,1.1851835225,2.5000000000,1.1900570876,2.5100000000,1.1950024255,2.5200000000,1.2000197332,2.5300000000,1.2051089482,2.5400000000,1.2102697496,2.5500000000,1.2155015585,2.5600000000,1.2208035408,2.5700000000,1.2261746096,2.5800000000,1.2316134295,2.5900000000,1.2371184212,2.6000000000,1.2426877672,2.6100000000,1.2483194186,2.6200000000,1.2540111021,2.6300000000,1.2597603283,2.6400000000,1.2655644009,2.6500000000,1.2714204261,2.6600000000,1.2773253231,2.6700000000,1.2832758352,2.6800000000,1.2892685416,2.3850000000
2005/06/30,2.0920000000,1.0207257597,2.1020000000,1.0249564744,2.1120000000,1.0291333619,2.1220000000,1.0332593846,2.1320000000,1.0373376878,2.1420000000,1.0413715887,2.1520000000,1.0453645641,2.1620000000,1.0493202383,2.1720000000,1.0532423697,2.1820000000,1.0571348375,2.1920000000,1.0610016275,2.2020000000,1.0648468182,2.2120000000,1.0686745656,2.2220000000,1.0724890885,2.2320000000,1.0762946533,2.2420000000,1.0800955589,2.2520000000,1.0838961205,2.2620000000,1.0877006548,2.2720000000,1.0915134644,2.2820000000,1.0953388217,2.2920000000,1.0991809542,2.3020000000,1.1030440290,2.3120000000,1.1069321378,2.3220000000,1.1108492821,2.3320000000,1.1147993592,2.3420000000,1.1187861476,2.3520000000,1.1228132937,2.3620000000,1.1268842988,2.3720000000,1.1310025062,2.3820000000,1.1351710896,2.3920000000,1.1393930410,2.4020000000,1.1436711606,2.4120000000,1.1480080463,2.4220000000,1.1524060848,2.4320000000,1.1568674424,2.4420000000,1.1613940575,2.4520000000,1.1659876340,2.4620000000,1.1706496345,2.4720000000,1.1753812754,2.4820000000,1.1801835225,2.4920000000,1.1850570876,2.5020000000,1.1900024255,2.5120000000,1.1950197332,2.5220000000,1.2001089482,2.5320000000,1.2052697496,2.5420000000,1.2105015585,2.5520000000,1.2158035408,2.5620000000,1.2211746096,2.5720000000,1.2266134295,2.5820000000,1.2321184212,2.5920000000,1.2376877672,2.6020000000,1.2433194186,2.6120000000,1.2490111021,2.6220000000,1.2547603283,2.6320000000,1.2605644009,2.6420000000,1.2664204261,2.6520000000,1.2723253231,2.6620000000,1.2782758352,2.6720000000,1.2842685416,2.6820000000,1.2902998698,2.3870000000
2005/09/30,2.0940000000,1.0199564744,2.1040000000,1.0241333619,2.1140000000,1.0282593846,2.1240000000,1.0323376878,2.1340000000,1.0363715887,2.1440000000,1.0403645641,2.1540000000,1.0443202383,2.1640000000,1.0482423697,2.1740000000,1.0521348375,2.1840000000,1.0560016275,2.1940000000,1.0598468182,2.2040000000,1.0636745656,2.2140000000,1.0674890885,2.2240000000,1.0712946533,2.2340000000,1.0750955589,2.2440000000,1.0788961205,2.2540000000,1.0827006548,2.2640000000,1.0865134644,2.2740000000,1.0903388217,2.2840000000,1.0941809542,2.2940000000,1.0980440290,2.3040000000,1.1019321378,2.3140000000,1.1058492821,2.3240000000,1.1097993592,2.3340000000,1.1137861476,2.3440000000,1.1178132937,2.3540000000,1.1218842988,2.3640000000,1.1260025062,2.3740000000,1.1301710896,2.3840000000,1.1343930410,2.3940000000,1.1386711606,2.4040000000,1.1430080463,2.4140000000,1.1474060848,2.4240000000,1.1518674424,2.4340000000,1.1563940575,2.4440000000,1.1609876340,2.4540000000,1.1656496345,2.4640000000,1.1703812754,2.4740000000,1.1751835225,2.4840000000,1.1800570876,2.4940000000,1.1850024255,2.5040000000,1.1900197332,2.5140000000,1.1951089482,2.5240000000,1.2002697496,2.5340000000,1.2055015585,2.5440000000,1.2108035408,2.5540000000,1.2161746096,2.5640000000,1.2216134295,2.5740000000,1.2271184212,2.5840000000,1.2326877672,2.5940000000,1.2383194186,2.6040000000,1.2440111021,2.6140000000,1.2497603283,2.6240000000,1.2555644009,2.6340000000,1.2614204261,2.6440000000,1.2673253231,2.6540000000,1.2732758352,2.6640000000,1.2792685416,2.6740000000,1.2852998698,2.6840000000,1.2913661079,2.3890000000
2005/12/31,2.0960000000,1.0191333619,2.1060000000,1.0232593846,2.1160000000,1.0273376878,2.1260000000,1.0313715887,2.1360000000,1.0353645641,2.1460000000,1.0393202383,2.1560000000,1.0432423697,2.1660000000,1.0471348375,2.1760000000,1.0510016275,2.1860000000,1.0548468182,2.1960000000,1.0586745656,2.2060000000,1.0624890885,2.2160000000,1.0662946533,2.2260000000,1.0700955589,2.2360000000,1.0738961205,2.2460000000,1.0777006548,2.2560000000,1.0815134644,2.2660000000,1.0853388217,2.2760000000,1.0891809542,2.2860000000,1.0930440290,2.2960000000,1.0969321378,2.3060000000,1.1008492821,2.3160000000,1.1047993592,2.3260000000,1.1087861476,2.3360000000,1.1128132937,2.3460000000,1.1168842988,2.3560000000,1.1210025062,2.3660000000,1.1251710896,2.3760000000,1.1293930410,2.3860000000,1.1336711606,2.3960000000,1.1380080463,2.4060000000,1.1424060848,2.4160000000,1.1468674424,2.4260000000,1.1513940575,2.4360000000,1.1559876340,2.4460000000,1.1606496345,2.4560000000,1.1653812754,2.4660000000,1.1701835225,2.4760000000,1.1750570876,2.4860000000,1.1800024255,2.4960000000,1.1850197332,2.5060000000,1.1901089482,2.5160000000,1.1952697496,2.5260000000,1.2005015585,2.5360000000,1.2058035408,2.5460000000,1.2111746096,2.5560000000,1.2166134295,2.5660000000,1.2221184212,2.5760000000,1.2276877672,2.5860000000,1.2333194186,2.5960000000,1.2390111021,2.6060000000,1.2447603283,2.6160000000,1.2505644009,2.6260000000,1.2564204261,2.6360000000,1.2623253231,2.6460000000,1.2682758352,2.6560000000,1.2742685416,2.6660000000,1.2802998698,2.6760000000,1.2863661079,2.6860000000,1.2924634187,2.3910000000
2006/03/31,2.0980000000,1.0182593846,2.1080000000,1.0223376878,2.1180000000,1.0263715887,2.1280000000,1.0303645641,2.1380000000,1.0343202383,2.1480000000,1.0382423697,2.1580000000,1.0421348375,2.1680000000,1.0460016275,2.1780000000,1.0498468182,2.1880000000,1.0536745656,2.1980000000,1.0574890885,2.2080000000,1.0612946533,2.2180000000,1.0650955589,2.2280000000,1.0688961205,2.2380000000,1.0727006548,2.2480000000,1.0765134644,2.2580000000,1.0803388217,2.2680000000,1.0841809542,2.2780000000,1.0880440290,2.2880000000,1.0919321378,2.2980000000,1.0958492821,2.3080000000,1.0997993592,2.3180000000,1.1037861476,2.3280000000,1.1078132937,2.3380000000,1.1118842988,2.3480000000,1.1160025062,2.3580000000,1.1201710896,2.3680000000,1.1243930410,2.3780000000,1.1286711606,2.3880000000,1.1330080463,2.3980000000,1.1374060848,2.4080000000,1.1418674424,2.4180000000,1.1463940575,2.4280000000,1.1509876340,2.4380000000,1.1556496345,2.4480000000,1.1603812754,2.4580000000,1.1651835225,2.4680000000,1.1700570876,2.4780000000,1.1750024255,2.4880000000,1.1800197332,2.4980000000,1.1851089482,2.5080000000,1.1902697496,2.5180000000,1.1955015585,2.5280000000,1.2008035408,2.5380000000,1.2061746096,2.5480000000,1.2116134295,2.5580000000,1.2171184212,2.5680000000,1.2226877672,2.5780000000,1.2283194186,2.5880000000,1.2340111021,2.5980000000,1.2397603283,2.6080000000,1.2455644009,2.6180000000,1.2514204261,2.6280000000,1.2573253231,2.6380000000,1.2632758352,2.6480000000,1.2692685416,2.6580000000,1.2752998698,2.6680000000,1.2813661079,2.6780000000,1.2874634187,2.6880000000,1.2935878530,2.3930000000
2006/06/30,2.1000000000,1.0173376878,2.1100000000,1.0213715887,2.1200000000,1.0253645641,2.1300000000,1.0293202383,2.1400000000,1.0332423697,2.1500000000,1.0371348375,2.1600000000,1.0410016275,2.1700000000,1.0448468182,2.1800000000,1.0486745656,2.1900000000,1.0524890885,2.2000000000,1.0562946533,2.2100000000,1.0600955589,2.2200000000,1.0638961205,2.2300000000,1.0677006548,2.2400000000,1.0715134644,2.2500000000,1.0753388217,2.2600000000,1.0791809542,2.2700000000,1.0830440290,2.2800000000,1.0869321378,2.2900000000,1.0908492821,2.3000000000,1.0947993592,2.3100000000,1.0987861476,2.3200000000,1.1028132937,2.3300000000,1.1068842988,2.3400000000,1.1110025062,2.3500000000,1.1151710896,2.3600000000,1.1193930410,2.3700000000,1.1236711606,2.3800000000,1.1280080463,2.3900000000,1.1324060848,2.4000000000,1.1368674424,2.4100000000,1.1413940575,2.4200000000,1.1459876340,2.4300000000,1.1506496345,2.4400000000,1.1553812754,2.4500000000,1.1601835225,2.4600000000,1.1650570876,2.4700000000,1.1700024255,2.4800000000,1.1750197332,2.4900000000,1.1801089482,2.5000000000,1.1852697496,2.5100000000,1.1905015585,2.5200000000,1.1958035408,2.5300000000,1.2011746096,2.5400000000,1.2066134295,2.5500000000,1.2121184212,2.5600000000,1.2176877672,2.5700000000,1.2233194186,2.5800000000,1.2290111021,2.5900000000,1.2347603283,2.6000000000,1.2405644009,2.6100000000,1.2464204261,2.6200000000,1.2523253231,2.6300000000,1.2582758352,2.6400000000,1.2642685416,2.6500000000,1.2702998698,2.6600000000,1.2763661079,2.6700000000,1.2824634187,2.6800000000,1.2885878530,2.6900000000,1.2947353642,2.3950000000
2006/09/30,2.1020000000,1.0163715887,2.1120000000,1.0203645641,2.1220000000,1.0243202383,2.1320000000,1.0282423697,2.1420000000,1.0321348375,2.1520000000,1.0360016275,2.1620000000,1.0398468182,2.1720000000,1.0436745656,2.1820000000,1.0474890885,2.1920000000,1.0512946533,2.2020000000,1.0550955589,2.2120000000,1.0588961205,2.2220000000,1.0627006548,2.2320000000,1.0665134644,2.2420000000,1.0703388217,2.2520000000,1.0741809542,2.2620000000,1.0780440290,2.2720000000,1.0819321378,2.2820000000,1.0858492821,2.2920000000,1.0897993592,2.3020000000,1.0937861476,2.3120000000,1.0978132937,2.3220000000,1.1018842988,2.3320000000,1.1060025062,2.3420000000,1.1101710896,2.3520000000,1.1143930410,2.3620000000,1.1186711606,2.3720000000,1.1230080463,2.3820000000,1.1274060848,2.3920000000,1.1318674424,2.4020000000,1.1363940575,2.4120000000,1.1409876340,2.4220000000,1.1456496345,2.4320000000,1.1503812754,2.4420000000,1.1551835225,2.4520000000,1.1600570876,2.4620000000,1.1650024255,2.4720000000,1.1700197332,2.4820000000,1.1751089482,2.4920000000,1.1802697496,2.5020000000,1.1855015585,2.5120000000,1.1908035408,2.5220000000,1.1961746096,2.5320000000,1.2016134295,2.5420000000,1.2071184212,2.5520000000,1.2126877672,2.5620000000,1.2183194186,2.5720000000,1.2240111021,2.5820000000,1.2297603283,2.5920000000,1.2355644009,2.6020000000,1.2414204261,2.6120000000,1.2473253231,2.6220000000,1.2532758352,2.6320000000,1.2592685416,2.6420000000,1.2652998698,2.6520000000,1.2713661079,2.6620000000,1.2774634187,2.6720000000,1.2835878530,2.6820000000,1.2897353642,2.6920000000,1.2959018223,2.3970000000
2006/12/31,2.1040000000,1.0153645641,2.1140000000,1.0193202383,2.1240000000,1.0232423697,2.1340000000,1.0271348375,2.1440000000,1.0310016275,2.1540000000,1.0348468182,2.1640000000,1.0386745656,2.1740000000,1.0424890885,2.1840000000,1.0462946533,2.1940000000,1.0500955589,2.2040000000,1.0538961205,2.2140000000,1.0577006548,2.2240000000,1.0615134644,2.2340000000,1.0653388217,2.2440000000,1.0691809542,2.2540000000,1.0730440290,2.2640000000,1.0769321378,2.2740000000,1.0808492821,2.2840000000,1.0847993592,2.2940000000,1.0887861476,2.3040000000,1.0928132937,2.3140000000,1.0968842988,2.3240000000,1.1010025062,2.3340000000,1.1051710896,2.3440000000,1.1093930410,2.3540000000,1.1136711606,2.3640000000,1.1180080463,2.3740000000,1.1224060848,2.3840000000,1.1268674424,2.3940000000,1.1313940575,2.4040000000,1.1359876340,2.4140000000,1.1406496345,2.4240000000,1.1453812754,2.4340000000,1.1501835225,2.4440000000,1.1550570876,2.4540000000,1.1600024255,2.4640000000,1.1650197332,2.4740000000,1.1701089482,2.4840000000,1.1752697496,2.4940000000,1.1805015585,2.5040000000,1.1858035408,2.5140000000,1.1911746096,2.5240000000,1.1966134295,2.5340000000,1.2021184212,2.5440000000,1.2076877672,2.5540000000,1.2133194186,2.5640000000,1.2190111021,2.5740000000,1.2247603283,2.5840000000,1.2305644009,2.5940000000,1.2364204261,2.6040000000,1.2423253231,2.6140000000,1.2482758352,2.6240000000,1.2542685416,2.6340000000,1.2602998698,2.6440000000,1.2663661079,2.6540000000,1.2724634187,2.6640000000,1.2785878530,2.6740000000,1.2847353642,2.6840000000,1.2909018223,2.6940000000,1.2970830295,2.3990000000
2007/03/31,2.1060000000,1.0143202383,2.1160000000,1.0182423697,2.1260000000,1.0221348375,2.1360000000,1.0260016275,2.1460000000,1.0298468182,2.1560000000,1.0336745656,2.1660000000,1.0374890885,2.1760000000,1.0412946533,2.1860000000,1.0450955589,2.1960000000,1.0488961205,2.2060000000,1.0527006548,2.2160000000,1.0565134644,2.2260000000,1.0603388217,2.2360000000,1.0641809542,2.2460000000,1.0680440290,2.2560000000,1.0719321378,2.2660000000,1.0758492821,2.2760000000,1.0797993592,2.2860000000,1.0837861476,2.2960000000,1.0878132937,2.3060000000,1.0918842988,2.3160000000,1.0960025062,2.3260000000,1.1001710896,2.3360000000,1.1043930410,2.3460000000,1.1086711606,2.3560000000,1.1130080463,2.3660000000,1.1174060848,2.3760000000,1.1218674424,2.3860000000,1.1263940575,2.3960000000,1.1309876340,2.4060000000,1.1356496345,2.4160000000,1.1403812754,2.4260000000,1.1451835225,2.4360000000,1.1500570876,2.4460000000,1.1550024255,2.4560000000,1.1600197332,2.4660000000,1.1651089482,2.4760000000,1.1702697496,2.4860000000,1.1755015585,2.4960000000,1.1808035408,2.5060000000,1.1861746096,2.5160000000,1.1916134295,2.5260000000,1.1971184212,2.5360000000,1.2026877672,2.5460000000,1.2083194186,2.5560000000,1.2140111021,2.5660000000,1.2197603283,2.5760000000,1.2255644009,2.5860000000,1.2314204261,2.5960000000,1.2373253231,2.6060000000,1.2432758352,2.6160000000,1.2492685416,2.6260000000,1.2552998698,2.6360000000,1.2613661079,2.6460000000,1.2674634187,2.6560000000,1.2735878530,2.6660000000,1.2797353642,2.6760000000,1.2859018223,2.6860000000,1.2920830295,2.6960000000,1.2982747346,2.4010000000
2007/06/30,2.1080000000,1.0132423697,2.1180000000,1.0171348375,2.1280000000,1.0210016275,2.1380000000,1.0248468182,2.1480000000,1.0286745656,2.1580000000,1.0324890885,2.1680000000,1.0362946533,2.1780000000,1.0400955589,2.1880000000,1.0438961205,2.1980000000,1.0477006548,2.2080000000,1.0515134644,2.2180000000,1.0553388217,2.2280000000,1.0591809542,2.2380000000,1.0630440290,2.2480000000,1.0669321378,2.2580000000,1.0708492821,2.2680000000,1.0747993592,2.2780000000,1.0787861476,2.2880000000,1.0828132937,2.2980000000,1.0868842988,2.3080000000,1.0910025062,2.3180000000,1.0951710896,2.3280000000,1.0993930410,2.3380000000,1.1036711606,2.3480000000,1.1080080463,2.3580000000,1.1124060848,2.3680000000,1.1168674424,2.3780000000,1.1213940575,2.3880000000,1.1259876340,2.3980000000,1.1306496345,2.4080000000,1.1353812754,2.4180000000,1.1401835225,2.4280000000,1.1450570876,2.4380000000,1.1500024255,2.4480000000,1.1550197332,2.4580000000,1.1601089482,2.4680000000,1.1652697496,2.4780000000,1.1705015585,2.4880000000,1.1758035408,2.4980000000,1.1811746096,2.5080000000,1.1866134295,2.5180000000,1.1921184212,2.5280000000,1.1976877672,2.5380000000,1.2033194186,2.5480000000,1.2090111021,2.5580000000,1.2147603283,2.5680000000,1.2205644009,2.5780000000,1.2264204261,2.5880000000,1.2323253231,2.5980000000,1.2382758352,2.6080000000,1.2442685416,2.6180000000,1.2502998698,2.6280000000,1.2563661079,2.6380000000,1.2624634187,2.6480000000,1.2685878530,2.6580000000,1.2747353642,2.6680000000,1.2809018223,2.6780000000,1.2870830295,2.6880000000,1.2932747346,2.6980000000,1.2994726488,2.4030000000
2007/09/30,2.1100000000,1.0121348375,2.1200000000,1.0160016275,2.1300000000,1.0198468182,2.1400000000,1.0236745656,2.1500000000,1.0274890885,2.1600000000,1.0312946533,2.1700000000,1.0350955589,2.1800000000,1.0388961205,2.1900000000,1.0427006548,2.2000000000,1.0465134644,2.2100000000,1.0503388217,2.2200000000,1.0541809542,2.2300000000,1.0580440290,2.2400000000,1.0619321378,2.2500000000,1.0658492821,2.2600000000,1.0697993592,2.2700000000,1.0737861476,2.2800000000,1.0778132937,2.2900000000,1.0818842988,2.3000000000,1.0860025062,2.3100000000,1.0901710896,2.3200000000,1.0943930410,2.3300000000,1.0986711606,2.3400000000,1.1030080463,2.3500000000,1.1074060848,2.3600000000,1.1118674424,2.3700000000,1.1163940575,2.3800000000,1.1209876340,2.3900000000,1.1256496345,2.4000000000,1.1303812754,2.4100000000,1.1351835225,2.4200000000,1.1400570876,2.4300000000,1.1450024255,2.4400000000,1.1500197332,2.4500000000,1.1551089482,2.4600000000,1.1602697496,2.4700000000,1.1655015585,2.4800000000,1.1708035408,2.4900000000,1.1761746096,2.5000000000,1.1816134295,2.5100000000,1.1871184212,2.5200000000,1.1926877672,2.5300000000,1.1983194186,2.5400000000,1.2040111021,2.5500000000,1.2097603283,2.5600000000,1.2155644009,2.5700000000,1.2214204261,2.5800000000,1.2273253231,2.5900000000,1.2332758352,2.6000000000,1.2392685416,2.6100000000,1.2452998698,2.6200000000,1.2513661079,2.6300000000,1.2574634187,2.6400000000,1.2635878530,2.6500000000,1.2697353642,2.6600000000,1.2759018223,2.6700000000,1.2820830295,2.6800000000,1.2882747346,2.6900000000,1.2944726488,2.7000000000,1.3006724609,2.4050000000
2007/12/31,2.1120000000,1.0110016275,2.1220000000,1.0148468182,2.1320000000,1.0186745656,2.1420000000,1.0224890885,2.1520000000,1.0262946533,2.1620000000,1.0300955589,2.1720000000,1.0338961205,2.1820000000,1.0377006548,2.1920000000,1.0415134644,2.2020000000,1.0453388217,2.2120000000,1.0491809542,2.2220000000,1.0530440290,2.2320000000,1.0569321378,2.2420000000,1.0608492821,2.2520000000,1.0647993592,2.2620000000,1.0687861476,2.2720000000,1.0728132937,2.2820000000,1.0768842988,2.2920000000,1.0810025062,2.3020000000,1.0851710896,2.3120000000,1.0893930410,2.3220000000,1.0936711606,2.3320000000,1.0980080463,2.3420000000,1.1024060848,2.3520000000,1.1068674424,2.3620000000,1.1113940575,2.3720000000,1.1159876340,2.3820000000,1.1206496345,2.3920000000,1.1253812754,2.4020000000,1.1301835225,2.4120000000,1.1350570876,2.4220000000,1.1400024255,2.4320000000,1.1450197332,2.4420000000,1.1501089482,2.4520000000,1.1552697496,2.4620000000,1.1605015585,2.4720000000,1.1658035408,2.4820000000,1.1711746096,2.4920000000,1.1766134295,2.5020000000,1.1821184212,2.5120000000,1.1876877672,2.5220000000,1.1933194186,2.5320000000,1.1990111021,2.5420000000,1.2047603283,2.5520000000,1.2105644009,2.5620000000,1.2164204261,2.5720000000,1.2223253231,2.5820000000,1.2282758352,2.5920000000,1.2342685416,2.6020000000,1.2402998698,2.6120000000,1.2463661079,2.6220000000,1.2524634187,2.6320000000,1.2585878530,2.6420000000,1.2647353642,2.6520000000,1.2709018223,2.6620000000,1.2770830295,2.6720000000,1.2832747346,2.6820000000,1.2894726488,2.6920000000,1.2956724609,2.7020000000,1.3018698529,2.4070000000
2008/03/31,2.1140000000,1.0098468182,2.1240000000,1.0136745656,2.1340000000,1.0174890885,2.1440000000,1.0212946533,2.1540000000,1.0250955589,2.1640000000,1.0288961205,2.1740000000,1.0327006548,2.1840000000,1.0365134644,2.1940000000,1.0403388217,2.2040000000,1.0441809542,2.2140000000,1.0480440290,2.2240000000,1.0519321378,2.2340000000,1.0558492821,2.2440000000,1.0597993592,2.2540000000,1.0637861476,2.2640000000,1.0678132937,2.2740000000,1.0718842988,2.2840000000,1.0760025062,2.2940000000,1.0801710896,2.3040000000,1.0843930410,2.3140000000,1.0886711606,2.3240000000,1.0930080463,2.3340000000,1.0974060848,2.3440000000,1.1018674424,2.3540000000,1.1063940575,2.3640000000,1.1109876340,2.3740000000,1.1156496345,2.3840000000,1.1203812754,2.3940000000,1.1251835225,2.4040000000,1.1300570876,2.4140000000,1.1350024255,2.4240000000,1.1400197332,2.4340000000,1.1451089482,2.4440000000,1.1502697496,2.4540000000,1.1555015585,2.4640000000,1.1608035408,2.4740000000,1.1661746096,2.4840000000,1.1716134295,2.4940000000,1.1771184212,2.5040000000,1.1826877672,2.5140000000,1.1883194186,2.5240000000,1.1940111021,2.5340000000,1.1997603283,2.5440000000,1.2055644009,2.5540000000,1.2114204261,2.5640000000,1.2173253231,2.5740000000,1.2232758352,2.5840000000,1.2292685416,2.5940000000,1.2352998698,2.6040000000,1.2413661079,2.6140000000,1.2474634187,2.6240000000,1.2535878530,2.6340000000,1.2597353642,2.6440000000,1.2659018223,2.6540000000,1.2720830295,2.6640000000,1.2782747346,2.6740000000,1.2844726488,2.6840000000,1.2906724609,2.6940000000,1.2968698529,2.7040000000,1.3030605154,2.4090000000
2008/06/30,2.1160000000,1.0086745656,2.1260000000,1.0124890885,2.1360000000,1.0162946533,2.1460000000,1.0200955589,2.1560000000,1.0238961205,2.1660000000,1.0277006548,2.1760000000,1.0315134644,2.1860000000,1.0353388217,2.1960000000,1.0391809542,2.2060000000,1.0430440290,2.2160000000,1.0469321378,2.2260000000,1.0508492821,2.2360000000,1.0547993592,2.2460000000,1.0587861476,2.2560000000,1.0628132937,2.2660000000,1.0668842988,2.2760000000,1.0710025062,2.2860000000,1.0751710896,2.2960000000,1.0793930410,2.3060000000,1.0836711606,2.3160000000,1.0880080463,2.3260000000,1.0924060848,2.3360000000,1.0968674424,2.3460000000,1.1013940575,2.3560000000,1.1059876340,2.3660000000,1.1106496345,2.3760000000,1.1153812754,2.3860000000,1.1201835225,2.3960000000,1.1250570876,2.4060000000,1.1300024255,2.4160000000,1.1350197332,2.4260000000,1.1401089482,2.4360000000,1.1452697496,2.4460000000,1.1505015585,2.4560000000,1.1558035408,2.4660000000,1.1611746096,2.4760000000,1.1666134295,2.4860000000,1.1721184212,2.4960000000,1.1776877672,2.5060000000,1.1833194186,2.5160000000,1.1890111021,2.5260000000,1.1947603283,2.5360000000,1.2005644009,2.5460000000,1.2064204261,2.5560000000,1.2123253231,2.5660000000,1.2182758352,2.5760000000,1.2242685416,2.5860000000,1.2302998698,2.5960000000,1.2363661079,2.6060000000,1.2424634187,2.6160000000,1.2485878530,2.6260000000,1.2547353642,2.6360000000,1.2609018223,2.6460000000,1.2670830295,2.6560000000,1.2732747346,2.6660000000,1.2794726488,2.6760000000,1.2856724609,2.6860000000,1.2918698529,2.6960000000,1.2980605154,2.7060000000,1.3042401634,2.4110000000
2008/09/30,2.1180000000,1.0074890885,2.1280000000,1.0112946533,2.1380000000,1.0150955589,2.1480000000,1.0188961205,2.1580000000,1.0227006548,2.1680000000,1.0265134644,2.1780000000,1.0303388217,2.1880000000,1.0341809542,2.1980000000,1.0380440290,2.2080000000,1.0419321378,2.2180000000,1.0458492821,2.2280000000,1.0497993592,2.2380000000,1.0537861476,2.2480000000,1.0578132937,2.2580000000,1.0618842988,2.2680000000,1.0660025062,2.2780000000,1.0701710896,2.2880000000,1.0743930410,2.2980000000,1.0786711606,2.3080000000,1.0830080463,2.3180000000,1.0874060848,2.3280000000,1.0918674424,2.3380000000,1.0963940575,2.3480000000,1.1009876340,2.3580000000,1.1056496345,2.3680000000,1.1103812754,2.3780000000,1.1151835225,2.3880000000,1.1200570876,2.3980000000,1.1250024255,2.4080000000,1.1300197332,2.4180000000,1.1351089482,2.4280000000,1.1402697496,2.4380000000,1.1455015585,2.4480000000,1.1508035408,2.4580000000,1.1561746096,2.4680000000,1.1616134295,2.4780000000,1.1671184212,2.4880000000,1.1726877672,2.4980000000,1.1783194186,2.5080000000,1.1840111021,2.5180000000,1.1897603283,2.5280000000,1.1955644009,2.5380000000,1.2014204261,2.5480000000,1.2073253231,2.5580000000,1.2132758352,2.5680000000,1.2192685416,2.5780000000,1.2252998698,2.5880000000,1.2313661079,2.5980000000,1.2374634187,2.6080000000,1.2435878530,2.6180000000,1.2497353642,2.6280000000,1.2559018223,2.6380000000,1.2620830295,2.6480000000,1.2682747346,2.6580000000,1.2744726488,2.6680000000,1.2806724609,2.6780000000,1.2868698529,2.6880000000,1.2930605154,2.6980000000,1.2992401634,2.7080000000,1.3054045514,2.4130000000
2008/12/31,2.1200000000,1.0062946533,2.1300000000,1.0100955589,2.1400000000,1.0138961205,2.1500000000,1.0177006548,2.1600000000,1.0215134644,2.1700000000,1.0253388217,2.1800000000,1.0291809542,2.1900000000,1.0330440290,2.2000000000,1.0369321378,2.2100000000,1.0408492821,2.2200000000,1.0447993592,2.2300000000,1.0487861476,2.2400000000,1.0528132937,2.2500000000,1.0568842988,2.2600000000,1.0610025062,2.2700000000,1.0651710896,2.2800000000,1.0693930410,2.2900000000,1.0736711606,2.3000000000,1.0780080463,2.3100000000,1.0824060848,2.3200000000,1.0868674424,2.3300000000,1.0913940575,2.3400000000,1.0959876340,2.3500000000,1.1006496345,2.3600000000,1.1053812754,2.3700000000,1.1101835225,2.3800000000,1.1150570876,2.3900000000,1.1200024255,2.4000000000,1.1250197332,2.4100000000,1.1301089482,2.4200000000,1.1352697496,2.4300000000,1.1405015585,2.4400000000,1.1458035408,2.4500000000,1.1511746096,2.4600000000,1.1566134295,2.4700000000,1.1621184212,2.4800000000,1.1676877672,2.4900000000,1.1733194186,2.5000000000,1.1790111021,2.5100000000,1.1847603283,2.5200000000,1.1905644009,2.5300000000,1.1964204261,2.5400000000,1.2023253231,2.5500000000,1.2082758352,2.5600000000,1.2142685416,2.5700000000,1.2202998698,2.5800000000,1.2263661079,2.5900000000,1.2324634187,2.6000000000,1.2385878530,2.6100000000,1.2447353642,2.6200000000,1.2509018223,2.6300000000,1.2570830295,2.6400000000,1.2632747346,2.6500000000,1.2694726488,2.6600000000,1.2756724609,2.6700000000,1.2818698529,2.6800000000,1.2880605154,2.6900000000,1.2942401634,2.7000000000,1.3004045514,2.7100000000,1.3065494888,2.4150000000
2009/03/31,2.1220000000,1.0050955589,2.1320000000,1.0088961205,2.1420000000,1.0127006548,2.1520000000,1.0165134644,2.1620000000,1.0203388217,2.1720000000,1.0241809542,2.1820000000,1.0280440290,2.1920000000,1.0319321378,2.2020000000,1.0358492821,2.2120000000,1.0397993592,2.2220000000,1.0437861476,2.2320000000,1.0478132937,2.2420000000,1.0518842988,2.2520000000,1.0560025062,2.2620000000,1.0601710896,2.2720000000,1.0643930410,2.2820000000,1.0686711606,2.2920000000,1.0730080463,2.3020000000,1.0774060848,2.3120000000,1.0818674424,2.3220000000,1.0863940575,2.3320000000,1.0909876340,2.3420000000,1.0956496345,2.3520000000,1.1003812754,2.3620000000,1.1051835225,2.3720000000,1.1100570876,2.3820000000,1.1150024255,2.3920000000,1.1200197332,2.4020000000,1.1251089482,2.4120000000,1.1302697496,2.4220000000,1.1355015585,2.4320000000,1.1408035408,2.4420000000,1.1461746096,2.4520000000,1.1516134295,2.4620000000,1.1571184212,2.4720000000,1.1626877672,2.4820000000,1.1683194186,2.4920000000,1.1740111021,2.5020000000,1.1797603283,2.5120000000,1.1855644009,2.5220000000,1.1914204261,2.5320000000,1.1973253231,2.5420000000,1.2032758352,2.5520000000,1.2092685416,2.5620000000,1.2152998698,2.5720000000,1.2213661079,2.5820000000,1.2274634187,2.5920000000,1.2335878530,2.6020000000,1.2397353642,2.6120000000,1.2459018223,2.6220000000,1.2520830295,2.6320000000,1.2582747346,2.6420000000,1.2644726488,2.6520000000,1.2706724609,2.6620000000,1.2768698529,2.6720000000,1.2830605154,2.6820000000,1.2892401634,2.6920000000,1.2954045514,2.7020000000,1.3015494888,2.7120000000,1.3076708551,2.4170000000
2009/06/30,2.1240000000,1.0038961205,2.1340000000,1.0077006548,2.1440000000,1.0115134644,2.1540000000,1.0153388217,2.1640000000,1.0191809542,2.1740000000,1.0230440290,2.1840000000,1.0269321378,2.1940000000,1.0308492821,2.2040000000,1.0347993592,2.2140000000,1.0387861476,2.2240000000,1.0428132937,2.2340000000,1.0468842988,2.2440000000,1.0510025062,2.2540000000,1.0551710896,2.2640000000,1.0593930410,2.2740000000,1.0636711606,2.2840000000,1.0680080463,2.2940000000,1.0724060848,2.3040000000,1.0768674424,2.3140000000,1.0813940575,2.3240000000,1.0859876340,2.3340000000,1.0906496345,2.3440000000,1.0953812754,2.3540000000,1.1001835225,2.3640000000,1.1050570876,2.3740000000,1.1100024255,2.3840000000,1.1150197332,2.3940000000,1.1201089482,2.4040000000,1.1252697496,2.4140000000,1.1305015585,2.4240000000,1.1358035408,2.4340000000,1.1411746096,2.4440000000,1.1466134295,2.4540000000,1.1521184212,2.4640000000,1.1576877672,2.4740000000,1.1633194186,2.4840000000,1.1690111021,2.4940000000,1.1747603283,2.5040000000,1.1805644009,2.5140000000,1.1864204261,2.5240000000,1.1923253231,2.5340000000,1.1982758352,2.5440000000,1.2042685416,2.5540000000,1.2102998698,2.5640000000,1.2163661079,2.5740000000,1.2224634187,2.5840000000,1.2285878530,2.5940000000,1.2347353642,2.6040000000,1.2409018223,2.6140000000,1.2470830295,2.6240000000,1.2532747346,2.6340000000,1.2594726488,2.6440000000,1.2656724609,2.6540000000,1.2718698529,2.6640000000,1.2780605154,2.6740000000,1.2842401634,2.6840000000,1.2904045514,2.6940000000,1.2965494888,2.7040000000,1.3026708551,2.7140000000,1.3087646146,2.4190000000
2009/09/30,2.1260000000,1.0027006548,2.1360000000,1.0065134644,2.1460000000,1.0103388217,2.1560000000,1.0141809542,2.1660000000,1.0180440290,2.1760000000,1.0219321378,2.1860000000,1.0258492821,2.1960000000,1.0297993592,2.2060000000,1.0337861476,2.2160000000,1.0378132937,2.2260000000,1.0418842988,2.2360000000,1.0460025062,2.2460000000,1.0501710896,2.2560000000,1.0543930410,2.2660000000,1.0586711606,2.2760000000,1.0630080463,2.2860000000,1.0674060848,2.2960000000,1.0718674424,2.3060000000,1.0763940575,2.3160000000,1.0809876340,2.3260000000,1.0856496345,2.3360000000,1.0903812754,2.3460000000,1.0951835225,2.3560000000,1.1000570876,2.3660000000,1.1050024255,2.3760000000,1.1100197332,2.3860000000,1.1151089482,2.3960000000,1.1202697496,2.4060000000,1.1255015585,2.4160000000,1.1308035408,2.4260000000,1.1361746096,2.4360000000,1.1416134295,2.4460000000,1.1471184212,2.4560000000,1.1526877672,2.4660000000,1.1583194186,2.4760000000,1.1640111021,2.4860000000,1.1697603283,2.4960000000,1.1755644009,2.5060000000,1.1814204261,2.5160000000,1.1873253231,2.5260000000,1.1932758352,2.5360000000,1.1992685416,2.5460000000,1.2052998698,2.5560000000,1.2113661079,2.5660000000,1.2174634187,2.5760000000,1.2235878530,2.5860000000,1.2297353642,2.5960000000,1.2359018223,2.6060000000,1.2420830295,2.6160000000,1.2482747346,2.6260000000,1.2544726488,2.6360000000,1.2606724609,2.6460000000,1.2668698529,2.6560000000,1.2730605154,2.6660000000,1.2792401634,2.6760000000,1.2854045514,2.6860000000,1.2915494888,2.6960000000,1.2976708551,2.7060000000,1.3037646146,2.7160000000,1.3098268310,2.4210000000
2009/12/31,2.1280000000,1.0015134644,2.1380000000,1.0053388217,2.1480000000,1.0091809542,2.1580000000,1.0130440290,2.1680000000,1.0169321378,2.1780000000,1.0208492821,2.1880000000,1.0247993592,2.1980000000,1.0287861476,2.2080000000,1.0328132937,2.2180000000,1.0368842988,2.2280000000,1.0410025062,2.2380000000,1.0451710896,2.2480000000,1.0493930410,2.2580000000,1.0536711606,2.2680000000,1.0580080463,2.2780000000,1.0624060848,2.2880000000,1.0668674424,2.2980000000,1.0713940575,2.3080000000,1.0759876340,2.3180000000,1.0806496345,2.3280000000,1.0853812754,2.3380000000,1.0901835225,2.3480000000,1.0950570876,2.3580000000,1.1000024255,2.3680000000,1.1050197332,2.3780000000,1.1101089482,2.3880000000,1.1152697496,2.3980000000,1.1205015585,2.4080000000,1.1258035408,2.4180000000,1.1311746096,2.4280000000,1.1366134295,2.4380000000,1.1421184212,2.4480000000,1.1476877672,2.4580000000,1.1533194186,2.4680000000,1.1590111021,2.4780000000,1.1647603283,2.4880000000,1.1705644009,2.4980000000,1.1764204261,2.5080000000,1.1823253231,2.5180000000,1.1882758352,2.5280000000,1.1942685416,2.5380000000,1.2002998698,2.5480000000,1.2063661079,2.5580000000,1.2124634187,2.5680000000,1.2185878530,2.5780000000,1.2247353642,2.5880000000,1.2309018223,2.5980000000,1.2370830295,2.6080000000,1.2432747346,2.6180000000,1.2494726488,2.6280000000,1.2556724609,2.6380000000,1.2618698529,2.6480000000,1.2680605154,2.6580000000,1.2742401634,2.6680000000,1.2804045514,2.6780000000,1.2865494888,2.6880000000,1.2926708551,2.6980000000,1.2987646146,2.7080000000,1.3048268310,2.7180000000,1.3108536814,2.4230000000
